mutant,position_linear,wt_aa,mut_aa
H24S,24,H,S
H24C,24,H,C
H24D,24,H,D
H24E,24,H,E
H24F,24,H,F
H24G,24,H,G
H24I,24,H,I
H24A,24,H,A
H24K,24,H,K
H24N,24,H,N
H24P,24,H,P
H24Q,24,H,Q
H24R,24,H,R
H24Y,24,H,Y
H24W,24,H,W
H24L,24,H,L
H24V,24,H,V
H24T,24,H,T
P25W,25,P,W
P25A,25,P,A
P25C,25,P,C
P25D,25,P,D
P25E,25,P,E
P25F,25,P,F
P25Y,25,P,Y
P25H,25,P,H
P25I,25,P,I
P25G,25,P,G
P25L,25,P,L
P25M,25,P,M
P25N,25,P,N
P25Q,25,P,Q
P25R,25,P,R
P25S,25,P,S
P25T,25,P,T
P25K,25,P,K
P25V,25,P,V
E26L,26,E,L
E26A,26,E,A
E26D,26,E,D
E26G,26,E,G
E26I,26,E,I
E26K,26,E,K
E26Q,26,E,Q
E26T,26,E,T
E26V,26,E,V
E26R,26,E,R
T27Y,27,T,Y
T27W,27,T,W
T27V,27,T,V
T27S,27,T,S
T27Q,27,T,Q
T27P,27,T,P
T27N,27,T,N
T27M,27,T,M
T27L,27,T,L
T27I,27,T,I
T27A,27,T,A
T27C,27,T,C
T27D,27,T,D
T27E,27,T,E
T27F,27,T,F
T27G,27,T,G
T27H,27,T,H
T27K,27,T,K
T27R,27,T,R
L28A,28,L,A
L28C,28,L,C
L28E,28,L,E
L28G,28,L,G
L28H,28,L,H
L28I,28,L,I
L28K,28,L,K
L28N,28,L,N
L28P,28,L,P
L28M,28,L,M
L28R,28,L,R
L28S,28,L,S
L28T,28,L,T
L28V,28,L,V
L28Q,28,L,Q
V29D,29,V,D
V29M,29,V,M
V29E,29,V,E
V29G,29,V,G
V29I,29,V,I
V29L,29,V,L
V29N,29,V,N
V29T,29,V,T
V29Q,29,V,Q
V29R,29,V,R
V29S,29,V,S
V29C,29,V,C
V29W,29,V,W
V29Y,29,V,Y
V29P,29,V,P
V29A,29,V,A
K30A,30,K,A
K30Y,30,K,Y
K30W,30,K,W
K30D,30,K,D
K30C,30,K,C
K30V,30,K,V
K30T,30,K,T
K30S,30,K,S
K30Q,30,K,Q
K30P,30,K,P
K30N,30,K,N
K30R,30,K,R
K30L,30,K,L
K30I,30,K,I
K30H,30,K,H
K30G,30,K,G
K30F,30,K,F
K30E,30,K,E
K30M,30,K,M
V31M,31,V,M
V31S,31,V,S
V31T,31,V,T
V31W,31,V,W
V31Y,31,V,Y
V31P,31,V,P
V31N,31,V,N
V31L,31,V,L
V31C,31,V,C
V31I,31,V,I
V31H,31,V,H
V31G,31,V,G
V31F,31,V,F
V31E,31,V,E
V31D,31,V,D
V31A,31,V,A
V31R,31,V,R
V31K,31,V,K
V31Q,31,V,Q
K32N,32,K,N
K32M,32,K,M
K32R,32,K,R
K32Q,32,K,Q
K32P,32,K,P
K32V,32,K,V
K32L,32,K,L
K32I,32,K,I
K32H,32,K,H
K32G,32,K,G
K32F,32,K,F
K32E,32,K,E
K32S,32,K,S
K32C,32,K,C
K32D,32,K,D
K32Y,32,K,Y
K32A,32,K,A
K32T,32,K,T
D33N,33,D,N
D33L,33,D,L
D33K,33,D,K
D33P,33,D,P
D33R,33,D,R
D33S,33,D,S
D33I,33,D,I
D33H,33,D,H
D33G,33,D,G
D33F,33,D,F
D33E,33,D,E
D33C,33,D,C
D33A,33,D,A
D33Q,33,D,Q
D33Y,33,D,Y
D33V,33,D,V
D33T,33,D,T
A34E,34,A,E
A34F,34,A,F
A34I,34,A,I
A34K,34,A,K
A34L,34,A,L
A34N,34,A,N
A34Q,34,A,Q
A34G,34,A,G
A34R,34,A,R
A34S,34,A,S
A34T,34,A,T
A34V,34,A,V
A34Y,34,A,Y
A34P,34,A,P
A34H,34,A,H
A34C,34,A,C
A34D,34,A,D
E35I,35,E,I
E35A,35,E,A
E35D,35,E,D
E35F,35,E,F
E35G,35,E,G
E35H,35,E,H
E35K,35,E,K
E35L,35,E,L
E35C,35,E,C
E35M,35,E,M
E35P,35,E,P
E35Q,35,E,Q
E35R,35,E,R
E35S,35,E,S
E35T,35,E,T
E35V,35,E,V
E35W,35,E,W
E35Y,35,E,Y
E35N,35,E,N
D36R,36,D,R
D36T,36,D,T
D36S,36,D,S
D36W,36,D,W
D36Y,36,D,Y
D36Q,36,D,Q
D36V,36,D,V
D36P,36,D,P
D36N,36,D,N
D36L,36,D,L
D36K,36,D,K
D36I,36,D,I
D36H,36,D,H
D36G,36,D,G
D36F,36,D,F
D36E,36,D,E
D36C,36,D,C
D36A,36,D,A
Q37F,37,Q,F
Q37N,37,Q,N
Q37I,37,Q,I
Q37L,37,Q,L
Q37K,37,Q,K
Q37E,37,Q,E
Q37M,37,Q,M
Q37D,37,Q,D
Q37S,37,Q,S
Q37P,37,Q,P
Q37R,37,Q,R
Q37H,37,Q,H
Q37T,37,Q,T
Q37V,37,Q,V
Q37W,37,Q,W
Q37Y,37,Q,Y
Q37A,37,Q,A
Q37C,37,Q,C
Q37G,37,Q,G
L38N,38,L,N
L38Q,38,L,Q
L38R,38,L,R
L38S,38,L,S
L38T,38,L,T
L38V,38,L,V
L38P,38,L,P
L38M,38,L,M
L38C,38,L,C
L38I,38,L,I
L38H,38,L,H
L38G,38,L,G
L38F,38,L,F
L38D,38,L,D
L38W,38,L,W
L38A,38,L,A
L38K,38,L,K
L38Y,38,L,Y
L38E,38,L,E
G39T,39,G,T
G39D,39,G,D
G39E,39,G,E
G39I,39,G,I
G39K,39,G,K
G39L,39,G,L
G39M,39,G,M
G39N,39,G,N
G39P,39,G,P
G39Q,39,G,Q
G39R,39,G,R
G39S,39,G,S
G39V,39,G,V
G39W,39,G,W
G39Y,39,G,Y
G39C,39,G,C
G39A,39,G,A
A40V,40,A,V
A40C,40,A,C
A40D,40,A,D
A40E,40,A,E
A40F,40,A,F
A40G,40,A,G
A40H,40,A,H
A40I,40,A,I
A40K,40,A,K
A40L,40,A,L
A40M,40,A,M
A40N,40,A,N
A40P,40,A,P
A40Q,40,A,Q
A40R,40,A,R
A40Y,40,A,Y
A40S,40,A,S
A40T,40,A,T
A40W,40,A,W
R41M,41,R,M
R41N,41,R,N
R41C,41,R,C
R41H,41,R,H
R41I,41,R,I
R41K,41,R,K
R41L,41,R,L
R41Y,41,R,Y
R41W,41,R,W
R41V,41,R,V
R41T,41,R,T
R41S,41,R,S
R41Q,41,R,Q
R41P,41,R,P
R41E,41,R,E
R41D,41,R,D
R41G,41,R,G
R41A,41,R,A
R41F,41,R,F
V42Y,42,V,Y
V42W,42,V,W
V42T,42,V,T
V42C,42,V,C
V42D,42,V,D
V42E,42,V,E
V42F,42,V,F
V42G,42,V,G
V42P,42,V,P
V42H,42,V,H
V42K,42,V,K
V42L,42,V,L
V42S,42,V,S
V42R,42,V,R
V42Q,42,V,Q
V42M,42,V,M
V42N,42,V,N
V42I,42,V,I
V42A,42,V,A
G43Y,43,G,Y
G43E,43,G,E
G43A,43,G,A
G43C,43,G,C
G43D,43,G,D
G43F,43,G,F
G43I,43,G,I
G43K,43,G,K
G43L,43,G,L
G43M,43,G,M
G43R,43,G,R
G43N,43,G,N
G43T,43,G,T
G43V,43,G,V
G43W,43,G,W
G43S,43,G,S
Y44L,44,Y,L
Y44P,44,Y,P
Y44Q,44,Y,Q
Y44N,44,Y,N
Y44R,44,Y,R
Y44S,44,Y,S
Y44T,44,Y,T
Y44M,44,Y,M
Y44K,44,Y,K
Y44A,44,Y,A
Y44H,44,Y,H
Y44V,44,Y,V
Y44G,44,Y,G
Y44F,44,Y,F
Y44E,44,Y,E
Y44D,44,Y,D
Y44C,44,Y,C
Y44I,44,Y,I
Y44W,44,Y,W
I45C,45,I,C
I45A,45,I,A
I45E,45,I,E
I45D,45,I,D
I45F,45,I,F
I45G,45,I,G
I45H,45,I,H
I45K,45,I,K
I45M,45,I,M
I45N,45,I,N
I45L,45,I,L
I45Q,45,I,Q
I45R,45,I,R
I45S,45,I,S
I45T,45,I,T
I45V,45,I,V
I45W,45,I,W
I45Y,45,I,Y
I45P,45,I,P
E46Q,46,E,Q
E46H,46,E,H
E46I,46,E,I
E46K,46,E,K
E46L,46,E,L
E46N,46,E,N
E46R,46,E,R
E46D,46,E,D
E46T,46,E,T
E46V,46,E,V
E46W,46,E,W
E46C,46,E,C
E46A,46,E,A
E46G,46,E,G
E46S,46,E,S
E46F,46,E,F
L47W,47,L,W
L47R,47,L,R
L47T,47,L,T
L47S,47,L,S
L47Q,47,L,Q
L47P,47,L,P
L47N,47,L,N
L47M,47,L,M
L47K,47,L,K
L47I,47,L,I
L47V,47,L,V
L47G,47,L,G
L47F,47,L,F
L47E,47,L,E
L47D,47,L,D
L47C,47,L,C
L47A,47,L,A
L47H,47,L,H
D48V,48,D,V
D48T,48,D,T
D48R,48,D,R
D48Q,48,D,Q
D48P,48,D,P
D48N,48,D,N
D48M,48,D,M
D48H,48,D,H
D48K,48,D,K
D48I,48,D,I
D48G,48,D,G
D48F,48,D,F
D48C,48,D,C
D48A,48,D,A
D48W,48,D,W
D48L,48,D,L
D48E,48,D,E
D48S,48,D,S
D48Y,48,D,Y
L49Y,49,L,Y
L49V,49,L,V
L49S,49,L,S
L49R,49,L,R
L49Q,49,L,Q
L49P,49,L,P
L49N,49,L,N
L49M,49,L,M
L49T,49,L,T
L49I,49,L,I
L49H,49,L,H
L49G,49,L,G
L49F,49,L,F
L49E,49,L,E
L49D,49,L,D
L49C,49,L,C
L49A,49,L,A
L49K,49,L,K
N50I,50,N,I
N50K,50,N,K
N50L,50,N,L
N50Y,50,N,Y
N50W,50,N,W
N50V,50,N,V
N50P,50,N,P
N50S,50,N,S
N50R,50,N,R
N50M,50,N,M
N50F,50,N,F
N50H,50,N,H
N50T,50,N,T
N50G,50,N,G
N50E,50,N,E
N50D,50,N,D
N50C,50,N,C
N50A,50,N,A
S51Q,51,S,Q
S51R,51,S,R
S51P,51,S,P
S51N,51,S,N
S51L,51,S,L
S51K,51,S,K
S51G,51,S,G
S51T,51,S,T
S51E,51,S,E
S51D,51,S,D
S51C,51,S,C
S51A,51,S,A
S51I,51,S,I
S51Y,51,S,Y
S51V,51,S,V
G52W,52,G,W
G52V,52,G,V
G52L,52,G,L
G52M,52,G,M
G52N,52,G,N
G52P,52,G,P
G52Q,52,G,Q
G52R,52,G,R
G52S,52,G,S
G52T,52,G,T
G52C,52,G,C
G52E,52,G,E
G52F,52,G,F
G52D,52,G,D
G52A,52,G,A
G52Y,52,G,Y
G52H,52,G,H
G52I,52,G,I
G52K,52,G,K
K53R,53,K,R
K53Q,53,K,Q
K53G,53,K,G
K53F,53,K,F
K53L,53,K,L
K53M,53,K,M
K53P,53,K,P
K53N,53,K,N
K53C,53,K,C
K53A,53,K,A
K53Y,53,K,Y
K53E,53,K,E
K53D,53,K,D
K53I,53,K,I
K53T,53,K,T
K53V,53,K,V
K53W,53,K,W
K53H,53,K,H
K53S,53,K,S
I54Y,54,I,Y
I54W,54,I,W
I54V,54,I,V
I54T,54,I,T
I54S,54,I,S
I54R,54,I,R
I54F,54,I,F
I54G,54,I,G
I54K,54,I,K
I54L,54,I,L
I54M,54,I,M
I54N,54,I,N
I54C,54,I,C
I54A,54,I,A
I54P,54,I,P
I54E,54,I,E
I54H,54,I,H
I54D,54,I,D
L55Q,55,L,Q
L55C,55,L,C
L55P,55,L,P
L55A,55,L,A
L55M,55,L,M
L55S,55,L,S
L55T,55,L,T
L55V,55,L,V
L55W,55,L,W
L55Y,55,L,Y
L55N,55,L,N
L55D,55,L,D
L55R,55,L,R
L55F,55,L,F
L55G,55,L,G
L55H,55,L,H
L55E,55,L,E
L55K,55,L,K
L55I,55,L,I
E56W,56,E,W
E56P,56,E,P
E56Y,56,E,Y
E56V,56,E,V
E56T,56,E,T
E56S,56,E,S
E56R,56,E,R
E56Q,56,E,Q
E56N,56,E,N
E56A,56,E,A
E56L,56,E,L
E56K,56,E,K
E56C,56,E,C
E56H,56,E,H
E56G,56,E,G
E56F,56,E,F
E56D,56,E,D
E56M,56,E,M
E56I,56,E,I
S57L,57,S,L
S57K,57,S,K
S57M,57,S,M
S57I,57,S,I
S57N,57,S,N
S57P,57,S,P
S57Q,57,S,Q
S57T,57,S,T
S57V,57,S,V
S57W,57,S,W
S57Y,57,S,Y
S57R,57,S,R
S57C,57,S,C
S57D,57,S,D
S57E,57,S,E
S57F,57,S,F
S57G,57,S,G
S57H,57,S,H
S57A,57,S,A
F58V,58,F,V
F58D,58,F,D
F58E,58,F,E
F58G,58,F,G
F58I,58,F,I
F58K,58,F,K
F58T,58,F,T
F58R,58,F,R
F58S,58,F,S
F58W,58,F,W
F58C,58,F,C
F58Y,58,F,Y
F58A,58,F,A
F58L,58,F,L
R59H,59,R,H
R59K,59,R,K
R59L,59,R,L
R59M,59,R,M
R59N,59,R,N
R59P,59,R,P
R59Q,59,R,Q
R59S,59,R,S
R59T,59,R,T
R59V,59,R,V
R59W,59,R,W
R59Y,59,R,Y
R59F,59,R,F
R59I,59,R,I
R59E,59,R,E
R59C,59,R,C
R59A,59,R,A
R59D,59,R,D
R59G,59,R,G
P60A,60,P,A
P60H,60,P,H
P60G,60,P,G
P60F,60,P,F
P60E,60,P,E
P60D,60,P,D
P60C,60,P,C
P60R,60,P,R
P60Y,60,P,Y
P60V,60,P,V
P60M,60,P,M
P60S,60,P,S
P60N,60,P,N
P60Q,60,P,Q
P60T,60,P,T
P60K,60,P,K
P60I,60,P,I
P60L,60,P,L
E61F,61,E,F
E61G,61,E,G
E61H,61,E,H
E61Y,61,E,Y
E61W,61,E,W
E61V,61,E,V
E61N,61,E,N
E61R,61,E,R
E61I,61,E,I
E61Q,61,E,Q
E61A,61,E,A
E61C,61,E,C
E61D,61,E,D
E61P,61,E,P
E61K,61,E,K
E61L,61,E,L
E61M,61,E,M
E61S,61,E,S
E61T,61,E,T
E62V,62,E,V
E62Y,62,E,Y
E62T,62,E,T
E62D,62,E,D
E62A,62,E,A
E62C,62,E,C
E62F,62,E,F
E62G,62,E,G
E62H,62,E,H
E62S,62,E,S
E62K,62,E,K
E62L,62,E,L
E62N,62,E,N
E62Q,62,E,Q
E62R,62,E,R
E62I,62,E,I
R63A,63,R,A
R63I,63,R,I
R63H,63,R,H
R63M,63,R,M
R63F,63,R,F
R63E,63,R,E
R63D,63,R,D
R63C,63,R,C
R63G,63,R,G
R63V,63,R,V
R63P,63,R,P
R63Q,63,R,Q
R63S,63,R,S
R63T,63,R,T
R63K,63,R,K
R63W,63,R,W
R63Y,63,R,Y
R63N,63,R,N
R63L,63,R,L
F64Y,64,F,Y
F64H,64,F,H
F64Q,64,F,Q
F64M,64,F,M
F64L,64,F,L
F64K,64,F,K
F64T,64,F,T
F64I,64,F,I
F64R,64,F,R
F64S,64,F,S
F64E,64,F,E
F64D,64,F,D
F64C,64,F,C
F64A,64,F,A
F64V,64,F,V
F64W,64,F,W
F64G,64,F,G
P65F,65,P,F
P65C,65,P,C
P65D,65,P,D
P65E,65,P,E
P65A,65,P,A
P65I,65,P,I
P65H,65,P,H
P65Y,65,P,Y
P65K,65,P,K
P65W,65,P,W
P65V,65,P,V
P65T,65,P,T
P65S,65,P,S
P65R,65,P,R
P65G,65,P,G
P65Q,65,P,Q
P65M,65,P,M
P65L,65,P,L
P65N,65,P,N
M66G,66,M,G
M66H,66,M,H
M66I,66,M,I
M66K,66,M,K
M66L,66,M,L
M66F,66,M,F
M66E,66,M,E
M66C,66,M,C
M66Y,66,M,Y
M66N,66,M,N
M66P,66,M,P
M66Q,66,M,Q
M66R,66,M,R
M66S,66,M,S
M66T,66,M,T
M66V,66,M,V
M66W,66,M,W
M66A,66,M,A
M66D,66,M,D
M67T,67,M,T
M67C,67,M,C
M67A,67,M,A
M67Y,67,M,Y
M67W,67,M,W
M67V,67,M,V
M67R,67,M,R
M67Q,67,M,Q
M67P,67,M,P
M67N,67,M,N
M67S,67,M,S
M67K,67,M,K
M67I,67,M,I
M67H,67,M,H
M67G,67,M,G
M67F,67,M,F
M67E,67,M,E
M67L,67,M,L
M67D,67,M,D
S68G,68,S,G
S68H,68,S,H
S68I,68,S,I
S68K,68,S,K
S68P,68,S,P
S68Q,68,S,Q
S68N,68,S,N
S68F,68,S,F
S68R,68,S,R
S68E,68,S,E
S68V,68,S,V
S68C,68,S,C
S68T,68,S,T
S68M,68,S,M
S68W,68,S,W
S68Y,68,S,Y
S68D,68,S,D
S68L,68,S,L
T69F,69,T,F
T69E,69,T,E
T69D,69,T,D
T69C,69,T,C
T69A,69,T,A
T69G,69,T,G
T69I,69,T,I
T69K,69,T,K
T69L,69,T,L
T69Y,69,T,Y
T69W,69,T,W
T69V,69,T,V
T69S,69,T,S
T69R,69,T,R
T69Q,69,T,Q
T69P,69,T,P
T69N,69,T,N
T69M,69,T,M
T69H,69,T,H
F70T,70,F,T
F70S,70,F,S
F70Q,70,F,Q
F70P,70,F,P
F70N,70,F,N
F70M,70,F,M
F70L,70,F,L
F70I,70,F,I
F70H,70,F,H
F70G,70,F,G
F70E,70,F,E
F70D,70,F,D
F70C,70,F,C
F70A,70,F,A
F70R,70,F,R
F70V,70,F,V
F70K,70,F,K
F70Y,70,F,Y
F70W,70,F,W
K71T,71,K,T
K71S,71,K,S
K71R,71,K,R
K71P,71,K,P
K71N,71,K,N
K71I,71,K,I
K71H,71,K,H
K71E,71,K,E
K71Y,71,K,Y
V72A,72,V,A
V72C,72,V,C
V72E,72,V,E
V72Y,72,V,Y
V72T,72,V,T
V72S,72,V,S
V72R,72,V,R
V72Q,72,V,Q
V72P,72,V,P
V72N,72,V,N
V72L,72,V,L
V72K,72,V,K
V72I,72,V,I
V72D,72,V,D
V72F,72,V,F
V72G,72,V,G
L73M,73,L,M
L73I,73,L,I
L73K,73,L,K
L73G,73,L,G
L73N,73,L,N
L73P,73,L,P
L73Q,73,L,Q
L73R,73,L,R
L73S,73,L,S
L73T,73,L,T
L73V,73,L,V
L73W,73,L,W
L73Y,73,L,Y
L73C,73,L,C
L73D,73,L,D
L73E,73,L,E
L73F,73,L,F
L73A,73,L,A
L73H,73,L,H
L74Q,74,L,Q
L74P,74,L,P
L74V,74,L,V
L74T,74,L,T
L74S,74,L,S
L74N,74,L,N
L74A,74,L,A
L74C,74,L,C
L74D,74,L,D
L74E,74,L,E
L74G,74,L,G
L74H,74,L,H
L74I,74,L,I
L74K,74,L,K
L74M,74,L,M
L74R,74,L,R
C75L,75,C,L
C75N,75,C,N
C75P,75,C,P
C75Q,75,C,Q
C75W,75,C,W
C75S,75,C,S
C75T,75,C,T
C75V,75,C,V
C75F,75,C,F
C75E,75,C,E
C75D,75,C,D
C75A,75,C,A
C75K,75,C,K
C75Y,75,C,Y
C75R,75,C,R
C75I,75,C,I
C75M,75,C,M
C75G,75,C,G
C75H,75,C,H
G76D,76,G,D
G76C,76,G,C
G76A,76,G,A
G76L,76,G,L
G76H,76,G,H
G76I,76,G,I
G76K,76,G,K
G76E,76,G,E
G76F,76,G,F
G76M,76,G,M
G76Q,76,G,Q
G76R,76,G,R
G76S,76,G,S
G76Y,76,G,Y
G76V,76,G,V
G76T,76,G,T
G76P,76,G,P
G76N,76,G,N
G76W,76,G,W
A77F,77,A,F
A77E,77,A,E
A77D,77,A,D
A77C,77,A,C
A77G,77,A,G
A77K,77,A,K
A77H,77,A,H
A77V,77,A,V
A77P,77,A,P
A77N,77,A,N
A77W,77,A,W
A77M,77,A,M
A77Y,77,A,Y
A77S,77,A,S
A77R,77,A,R
A77Q,77,A,Q
A77T,77,A,T
A77L,77,A,L
V78G,78,V,G
V78F,78,V,F
V78E,78,V,E
V78D,78,V,D
V78C,78,V,C
V78A,78,V,A
V78H,78,V,H
V78M,78,V,M
V78K,78,V,K
V78I,78,V,I
V78S,78,V,S
V78T,78,V,T
V78W,78,V,W
V78Y,78,V,Y
V78Q,78,V,Q
V78N,78,V,N
V78P,78,V,P
V78L,78,V,L
V78R,78,V,R
L79R,79,L,R
L79A,79,L,A
L79S,79,L,S
L79T,79,L,T
L79P,79,L,P
L79N,79,L,N
L79V,79,L,V
L79W,79,L,W
L79Y,79,L,Y
L79Q,79,L,Q
L79F,79,L,F
L79E,79,L,E
L79G,79,L,G
L79H,79,L,H
L79I,79,L,I
L79K,79,L,K
L79M,79,L,M
L79C,79,L,C
L79D,79,L,D
S80A,80,S,A
S80C,80,S,C
S80D,80,S,D
S80E,80,S,E
S80F,80,S,F
S80G,80,S,G
S80H,80,S,H
S80I,80,S,I
S80V,80,S,V
S80L,80,S,L
S80Y,80,S,Y
S80W,80,S,W
S80T,80,S,T
S80R,80,S,R
S80Q,80,S,Q
S80P,80,S,P
S80M,80,S,M
S80K,80,S,K
R81D,81,R,D
R81C,81,R,C
R81E,81,R,E
R81F,81,R,F
R81A,81,R,A
R81H,81,R,H
R81Y,81,R,Y
R81W,81,R,W
R81V,81,R,V
R81G,81,R,G
R81S,81,R,S
R81Q,81,R,Q
R81T,81,R,T
R81N,81,R,N
R81M,81,R,M
R81L,81,R,L
R81K,81,R,K
R81I,81,R,I
R81P,81,R,P
V82H,82,V,H
V82A,82,V,A
V82C,82,V,C
V82D,82,V,D
V82E,82,V,E
V82F,82,V,F
V82G,82,V,G
V82I,82,V,I
V82P,82,V,P
V82L,82,V,L
V82M,82,V,M
V82Y,82,V,Y
V82W,82,V,W
V82T,82,V,T
V82S,82,V,S
V82R,82,V,R
V82Q,82,V,Q
V82N,82,V,N
V82K,82,V,K
D83Y,83,D,Y
D83W,83,D,W
D83V,83,D,V
D83T,83,D,T
D83S,83,D,S
D83Q,83,D,Q
D83N,83,D,N
D83M,83,D,M
D83L,83,D,L
D83K,83,D,K
D83I,83,D,I
D83H,83,D,H
D83G,83,D,G
D83F,83,D,F
D83E,83,D,E
D83C,83,D,C
D83A,83,D,A
D83R,83,D,R
D83P,83,D,P
A84R,84,A,R
A84V,84,A,V
A84N,84,A,N
A84M,84,A,M
A84L,84,A,L
A84K,84,A,K
A84T,84,A,T
A84I,84,A,I
A84H,84,A,H
A84G,84,A,G
A84F,84,A,F
A84P,84,A,P
A84E,84,A,E
A84C,84,A,C
A84Y,84,A,Y
A84S,84,A,S
A84D,84,A,D
A84Q,84,A,Q
G85N,85,G,N
G85P,85,G,P
G85M,85,G,M
G85Q,85,G,Q
G85R,85,G,R
G85S,85,G,S
G85T,85,G,T
G85V,85,G,V
G85D,85,G,D
G85C,85,G,C
G85Y,85,G,Y
G85A,85,G,A
G85K,85,G,K
G85I,85,G,I
G85H,85,G,H
G85F,85,G,F
G85E,85,G,E
G85L,85,G,L
G85W,85,G,W
Q86D,86,Q,D
Q86T,86,Q,T
Q86S,86,Q,S
Q86R,86,Q,R
Q86P,86,Q,P
Q86N,86,Q,N
Q86M,86,Q,M
Q86L,86,Q,L
Q86K,86,Q,K
Q86I,86,Q,I
Q86H,86,Q,H
Q86G,86,Q,G
Q86F,86,Q,F
Q86E,86,Q,E
Q86C,86,Q,C
Q86Y,86,Q,Y
Q86A,86,Q,A
Q86V,86,Q,V
Q86W,86,Q,W
E87Y,87,E,Y
E87L,87,E,L
E87G,87,E,G
E87H,87,E,H
E87I,87,E,I
E87K,87,E,K
E87W,87,E,W
E87M,87,E,M
E87N,87,E,N
E87P,87,E,P
E87Q,87,E,Q
E87R,87,E,R
E87S,87,E,S
E87A,87,E,A
E87T,87,E,T
E87V,87,E,V
E87D,87,E,D
E87C,87,E,C
Q88H,88,Q,H
Q88I,88,Q,I
Q88G,88,Q,G
Q88D,88,Q,D
Q88E,88,Q,E
Q88C,88,Q,C
Q88K,88,Q,K
Q88F,88,Q,F
Q88L,88,Q,L
Q88A,88,Q,A
Q88N,88,Q,N
Q88P,88,Q,P
Q88R,88,Q,R
Q88S,88,Q,S
Q88T,88,Q,T
Q88V,88,Q,V
Q88W,88,Q,W
Q88Y,88,Q,Y
Q88M,88,Q,M
L89Q,89,L,Q
L89R,89,L,R
L89W,89,L,W
L89T,89,L,T
L89V,89,L,V
L89P,89,L,P
L89S,89,L,S
L89N,89,L,N
L89H,89,L,H
L89K,89,L,K
L89I,89,L,I
L89G,89,L,G
L89F,89,L,F
L89E,89,L,E
L89D,89,L,D
L89A,89,L,A
L89M,89,L,M
L89C,89,L,C
L89Y,89,L,Y
G90A,90,G,A
G90W,90,G,W
G90V,90,G,V
G90T,90,G,T
G90S,90,G,S
G90R,90,G,R
G90Q,90,G,Q
G90P,90,G,P
G90N,90,G,N
G90Y,90,G,Y
G90L,90,G,L
G90K,90,G,K
G90I,90,G,I
G90H,90,G,H
G90F,90,G,F
G90E,90,G,E
G90D,90,G,D
G90C,90,G,C
G90M,90,G,M
R91P,91,R,P
R91Q,91,R,Q
R91W,91,R,W
R91T,91,R,T
R91V,91,R,V
R91N,91,R,N
R91S,91,R,S
R91M,91,R,M
R91H,91,R,H
R91K,91,R,K
R91I,91,R,I
R91G,91,R,G
R91F,91,R,F
R91E,91,R,E
R91D,91,R,D
R91Y,91,R,Y
R91L,91,R,L
R91C,91,R,C
R91A,91,R,A
R92Y,92,R,Y
R92A,92,R,A
R92D,92,R,D
R92E,92,R,E
R92F,92,R,F
R92G,92,R,G
R92H,92,R,H
R92I,92,R,I
R92K,92,R,K
R92L,92,R,L
R92C,92,R,C
R92N,92,R,N
R92P,92,R,P
R92Q,92,R,Q
R92S,92,R,S
R92T,92,R,T
R92V,92,R,V
R92W,92,R,W
R92M,92,R,M
I93V,93,I,V
I93T,93,I,T
I93R,93,I,R
I93Q,93,I,Q
I93P,93,I,P
I93N,93,I,N
I93M,93,I,M
I93G,93,I,G
I93K,93,I,K
I93H,93,I,H
I93F,93,I,F
I93E,93,I,E
I93D,93,I,D
I93C,93,I,C
I93W,93,I,W
I93L,93,I,L
I93A,93,I,A
H94T,94,H,T
H94P,94,H,P
H94V,94,H,V
H94S,94,H,S
H94R,94,H,R
H94Q,94,H,Q
H94Y,94,H,Y
H94N,94,H,N
H94M,94,H,M
H94L,94,H,L
H94K,94,H,K
H94I,94,H,I
H94W,94,H,W
H94F,94,H,F
H94E,94,H,E
H94D,94,H,D
H94C,94,H,C
H94A,94,H,A
H94G,94,H,G
Y95A,95,Y,A
Y95C,95,Y,C
Y95D,95,Y,D
Y95E,95,Y,E
Y95F,95,Y,F
Y95G,95,Y,G
Y95H,95,Y,H
Y95I,95,Y,I
Y95M,95,Y,M
Y95L,95,Y,L
Y95N,95,Y,N
Y95T,95,Y,T
Y95S,95,Y,S
Y95R,95,Y,R
Y95Q,95,Y,Q
Y95P,95,Y,P
Y95K,95,Y,K
Y95V,95,Y,V
Y95W,95,Y,W
S96W,96,S,W
S96T,96,S,T
S96R,96,S,R
S96Y,96,S,Y
S96Q,96,S,Q
S96P,96,S,P
S96N,96,S,N
S96M,96,S,M
S96L,96,S,L
S96K,96,S,K
S96I,96,S,I
S96H,96,S,H
S96G,96,S,G
S96F,96,S,F
S96E,96,S,E
S96D,96,S,D
S96V,96,S,V
S96A,96,S,A
S96C,96,S,C
Q97D,97,Q,D
Q97V,97,Q,V
Q97Y,97,Q,Y
Q97W,97,Q,W
Q97T,97,Q,T
Q97S,97,Q,S
Q97R,97,Q,R
Q97P,97,Q,P
Q97N,97,Q,N
Q97M,97,Q,M
Q97L,97,Q,L
Q97K,97,Q,K
Q97I,97,Q,I
Q97H,97,Q,H
Q97G,97,Q,G
Q97F,97,Q,F
Q97C,97,Q,C
Q97E,97,Q,E
Q97A,97,Q,A
N98A,98,N,A
N98C,98,N,C
N98G,98,N,G
N98T,98,N,T
N98S,98,N,S
N98R,98,N,R
N98Q,98,N,Q
N98P,98,N,P
N98M,98,N,M
N98L,98,N,L
N98K,98,N,K
N98I,98,N,I
N98H,98,N,H
N98V,98,N,V
N98Y,98,N,Y
N98E,98,N,E
N98D,98,N,D
N98F,98,N,F
D99P,99,D,P
D99Q,99,D,Q
D99R,99,D,R
D99S,99,D,S
D99T,99,D,T
D99W,99,D,W
D99Y,99,D,Y
D99M,99,D,M
D99L,99,D,L
D99V,99,D,V
D99A,99,D,A
D99C,99,D,C
D99E,99,D,E
D99F,99,D,F
D99G,99,D,G
D99H,99,D,H
D99I,99,D,I
D99K,99,D,K
D99N,99,D,N
L100A,100,L,A
L100C,100,L,C
L100D,100,L,D
L100E,100,L,E
L100G,100,L,G
L100H,100,L,H
L100F,100,L,F
L100N,100,L,N
L100Q,100,L,Q
L100R,100,L,R
L100S,100,L,S
L100T,100,L,T
L100V,100,L,V
L100W,100,L,W
L100K,100,L,K
V101D,101,V,D
V101E,101,V,E
V101F,101,V,F
V101G,101,V,G
V101I,101,V,I
V101R,101,V,R
V101N,101,V,N
V101P,101,V,P
V101S,101,V,S
V101T,101,V,T
V101C,101,V,C
V101L,101,V,L
V101A,101,V,A
V101Y,101,V,Y
V101W,101,V,W
E102V,102,E,V
E102T,102,E,T
E102S,102,E,S
E102Q,102,E,Q
E102P,102,E,P
E102N,102,E,N
E102R,102,E,R
E102L,102,E,L
E102K,102,E,K
E102G,102,E,G
E102D,102,E,D
E102C,102,E,C
E102A,102,E,A
E102M,102,E,M
Y103P,103,Y,P
Y103Q,103,Y,Q
Y103R,103,Y,R
Y103S,103,Y,S
Y103W,103,Y,W
Y103V,103,Y,V
Y103N,103,Y,N
Y103A,103,Y,A
Y103T,103,Y,T
Y103L,103,Y,L
Y103M,103,Y,M
Y103K,103,Y,K
Y103I,103,Y,I
Y103H,103,Y,H
Y103G,103,Y,G
Y103C,103,Y,C
Y103D,103,Y,D
Y103E,103,Y,E
Y103F,103,Y,F
S104D,104,S,D
S104E,104,S,E
S104F,104,S,F
S104G,104,S,G
S104H,104,S,H
S104I,104,S,I
S104K,104,S,K
S104L,104,S,L
S104R,104,S,R
S104P,104,S,P
S104Q,104,S,Q
S104A,104,S,A
S104T,104,S,T
S104V,104,S,V
S104W,104,S,W
S104Y,104,S,Y
S104N,104,S,N
S104C,104,S,C
P105C,105,P,C
P105L,105,P,L
P105V,105,P,V
P105T,105,P,T
P105S,105,P,S
P105R,105,P,R
P105Q,105,P,Q
P105N,105,P,N
P105M,105,P,M
P105W,105,P,W
P105Y,105,P,Y
P105I,105,P,I
P105H,105,P,H
P105G,105,P,G
P105F,105,P,F
P105E,105,P,E
P105D,105,P,D
P105A,105,P,A
P105K,105,P,K
V106H,106,V,H
V106G,106,V,G
V106W,106,V,W
V106F,106,V,F
V106Y,106,V,Y
V106E,106,V,E
V106D,106,V,D
V106A,106,V,A
V106I,106,V,I
V106K,106,V,K
V106C,106,V,C
V106M,106,V,M
V106N,106,V,N
V106P,106,V,P
V106Q,106,V,Q
V106R,106,V,R
V106S,106,V,S
V106T,106,V,T
V106L,106,V,L
T107K,107,T,K
T107D,107,T,D
T107E,107,T,E
T107F,107,T,F
T107G,107,T,G
T107H,107,T,H
T107I,107,T,I
T107L,107,T,L
T107W,107,T,W
T107N,107,T,N
T107Q,107,T,Q
T107R,107,T,R
T107S,107,T,S
T107V,107,T,V
T107Y,107,T,Y
T107C,107,T,C
T107M,107,T,M
T107A,107,T,A
T107P,107,T,P
E108T,108,E,T
E108W,108,E,W
E108S,108,E,S
E108C,108,E,C
E108D,108,E,D
E108A,108,E,A
E108F,108,E,F
E108H,108,E,H
E108I,108,E,I
E108K,108,E,K
E108L,108,E,L
E108N,108,E,N
E108P,108,E,P
E108Q,108,E,Q
E108Y,108,E,Y
E108G,108,E,G
E108R,108,E,R
E108V,108,E,V
K109A,109,K,A
K109C,109,K,C
K109D,109,K,D
K109E,109,K,E
K109G,109,K,G
K109I,109,K,I
K109L,109,K,L
K109M,109,K,M
K109N,109,K,N
K109Y,109,K,Y
K109W,109,K,W
K109V,109,K,V
K109T,109,K,T
K109S,109,K,S
K109P,109,K,P
K109R,109,K,R
H110P,110,H,P
H110S,110,H,S
H110T,110,H,T
H110V,110,H,V
H110R,110,H,R
H110Q,110,H,Q
H110A,110,H,A
H110L,110,H,L
H110K,110,H,K
H110I,110,H,I
H110Y,110,H,Y
H110G,110,H,G
H110F,110,H,F
H110E,110,H,E
H110D,110,H,D
H110C,110,H,C
H110N,110,H,N
H110W,110,H,W
L111Q,111,L,Q
L111W,111,L,W
L111V,111,L,V
L111T,111,L,T
L111S,111,L,S
L111R,111,L,R
L111P,111,L,P
L111N,111,L,N
L111M,111,L,M
L111H,111,L,H
L111C,111,L,C
L111D,111,L,D
L111E,111,L,E
L111F,111,L,F
L111G,111,L,G
L111Y,111,L,Y
L111I,111,L,I
L111K,111,L,K
T112W,112,T,W
T112N,112,T,N
T112M,112,T,M
T112L,112,T,L
T112K,112,T,K
T112I,112,T,I
T112H,112,T,H
T112P,112,T,P
T112G,112,T,G
T112D,112,T,D
T112A,112,T,A
T112R,112,T,R
T112S,112,T,S
T112V,112,T,V
T112Y,112,T,Y
T112E,112,T,E
T112Q,112,T,Q
T112C,112,T,C
D113Y,113,D,Y
D113W,113,D,W
D113R,113,D,R
D113S,113,D,S
D113T,113,D,T
D113V,113,D,V
D113Q,113,D,Q
D113P,113,D,P
D113A,113,D,A
D113N,113,D,N
D113L,113,D,L
D113K,113,D,K
D113I,113,D,I
D113H,113,D,H
D113G,113,D,G
D113F,113,D,F
D113E,113,D,E
D113M,113,D,M
D113C,113,D,C
G114Y,114,G,Y
G114A,114,G,A
G114D,114,G,D
G114E,114,G,E
G114H,114,G,H
G114P,114,G,P
G114I,114,G,I
G114K,114,G,K
G114L,114,G,L
G114N,114,G,N
G114Q,114,G,Q
G114R,114,G,R
G114S,114,G,S
G114T,114,G,T
G114V,114,G,V
G114W,114,G,W
G114C,114,G,C
M115A,115,M,A
M115D,115,M,D
M115C,115,M,C
M115E,115,M,E
M115I,115,M,I
M115K,115,M,K
M115G,115,M,G
M115H,115,M,H
M115Y,115,M,Y
M115W,115,M,W
M115V,115,M,V
M115T,115,M,T
M115S,115,M,S
M115R,115,M,R
M115Q,115,M,Q
M115P,115,M,P
M115N,115,M,N
M115F,115,M,F
M115L,115,M,L
T116K,116,T,K
T116W,116,T,W
T116C,116,T,C
T116A,116,T,A
T116E,116,T,E
T116F,116,T,F
T116G,116,T,G
T116Y,116,T,Y
T116L,116,T,L
T116M,116,T,M
T116R,116,T,R
T116S,116,T,S
T116V,116,T,V
T116I,116,T,I
V117N,117,V,N
V117Y,117,V,Y
V117W,117,V,W
V117T,117,V,T
V117S,117,V,S
V117Q,117,V,Q
V117P,117,V,P
V117M,117,V,M
V117R,117,V,R
V117K,117,V,K
V117I,117,V,I
V117H,117,V,H
V117G,117,V,G
V117F,117,V,F
V117E,117,V,E
V117D,117,V,D
V117C,117,V,C
V117L,117,V,L
V117A,117,V,A
R118N,118,R,N
R118P,118,R,P
R118V,118,R,V
R118S,118,R,S
R118T,118,R,T
R118E,118,R,E
R118W,118,R,W
R118Q,118,R,Q
R118Y,118,R,Y
R118H,118,R,H
R118L,118,R,L
R118K,118,R,K
R118I,118,R,I
R118F,118,R,F
R118A,118,R,A
R118C,118,R,C
R118D,118,R,D
R118G,118,R,G
R118M,118,R,M
E119A,119,E,A
E119C,119,E,C
E119R,119,E,R
E119F,119,E,F
E119D,119,E,D
E119Y,119,E,Y
E119W,119,E,W
E119T,119,E,T
E119S,119,E,S
E119Q,119,E,Q
E119V,119,E,V
E119M,119,E,M
E119L,119,E,L
E119K,119,E,K
E119I,119,E,I
E119H,119,E,H
E119G,119,E,G
E119N,119,E,N
L120S,120,L,S
L120C,120,L,C
L120D,120,L,D
L120Y,120,L,Y
L120W,120,L,W
L120V,120,L,V
L120T,120,L,T
L120R,120,L,R
L120G,120,L,G
L120N,120,L,N
L120M,120,L,M
L120K,120,L,K
L120I,120,L,I
L120H,120,L,H
L120F,120,L,F
L120E,120,L,E
L120Q,120,L,Q
L120A,120,L,A
C121T,121,C,T
C121Y,121,C,Y
C121D,121,C,D
C121E,121,C,E
C121F,121,C,F
C121G,121,C,G
C121H,121,C,H
C121I,121,C,I
C121K,121,C,K
C121L,121,C,L
C121V,121,C,V
C121M,121,C,M
C121N,121,C,N
C121P,121,C,P
C121Q,121,C,Q
C121R,121,C,R
C121S,121,C,S
C121A,121,C,A
C121W,121,C,W
S122D,122,S,D
S122Y,122,S,Y
S122C,122,S,C
S122A,122,S,A
S122F,122,S,F
S122G,122,S,G
S122H,122,S,H
S122I,122,S,I
S122E,122,S,E
S122L,122,S,L
S122N,122,S,N
S122Q,122,S,Q
S122R,122,S,R
S122T,122,S,T
S122V,122,S,V
S122W,122,S,W
S122M,122,S,M
S122K,122,S,K
A123C,123,A,C
A123R,123,A,R
A123Y,123,A,Y
A123V,123,A,V
A123T,123,A,T
A123S,123,A,S
A123P,123,A,P
A123N,123,A,N
A123M,123,A,M
A123K,123,A,K
A123I,123,A,I
A123H,123,A,H
A123G,123,A,G
A123E,123,A,E
A123D,123,A,D
A123L,123,A,L
A124Q,124,A,Q
A124P,124,A,P
A124S,124,A,S
A124R,124,A,R
A124V,124,A,V
A124Y,124,A,Y
A124M,124,A,M
A124T,124,A,T
A124L,124,A,L
A124N,124,A,N
A124I,124,A,I
A124K,124,A,K
A124D,124,A,D
A124E,124,A,E
A124F,124,A,F
A124C,124,A,C
A124G,124,A,G
A124H,124,A,H
I125Y,125,I,Y
I125R,125,I,R
I125S,125,I,S
I125T,125,I,T
I125V,125,I,V
I125A,125,I,A
I125W,125,I,W
I125Q,125,I,Q
I125E,125,I,E
I125M,125,I,M
I125P,125,I,P
I125N,125,I,N
I125L,125,I,L
I125K,125,I,K
I125H,125,I,H
I125G,125,I,G
I125C,125,I,C
I125F,125,I,F
I125D,125,I,D
T126V,126,T,V
T126D,126,T,D
T126Y,126,T,Y
T126E,126,T,E
T126S,126,T,S
T126W,126,T,W
T126R,126,T,R
T126H,126,T,H
T126P,126,T,P
T126N,126,T,N
T126M,126,T,M
T126A,126,T,A
T126C,126,T,C
T126L,126,T,L
T126K,126,T,K
T126I,126,T,I
T126G,126,T,G
T126F,126,T,F
T126Q,126,T,Q
M127L,127,M,L
M127K,127,M,K
M127W,127,M,W
M127H,127,M,H
M127G,127,M,G
M127F,127,M,F
M127E,127,M,E
M127D,127,M,D
M127C,127,M,C
M127A,127,M,A
M127Q,127,M,Q
M127R,127,M,R
M127S,127,M,S
M127T,127,M,T
M127V,127,M,V
M127P,127,M,P
M127Y,127,M,Y
M127I,127,M,I
M127N,127,M,N
S128Y,128,S,Y
S128I,128,S,I
S128H,128,S,H
S128G,128,S,G
S128D,128,S,D
S128C,128,S,C
S128A,128,S,A
S128N,128,S,N
S128Q,128,S,Q
S128K,128,S,K
S128L,128,S,L
S128R,128,S,R
S128T,128,S,T
S128V,128,S,V
S128W,128,S,W
D129I,129,D,I
D129G,129,D,G
D129F,129,D,F
D129L,129,D,L
D129M,129,D,M
D129E,129,D,E
D129A,129,D,A
D129T,129,D,T
D129H,129,D,H
D129K,129,D,K
D129V,129,D,V
D129S,129,D,S
D129W,129,D,W
D129Y,129,D,Y
D129R,129,D,R
D129Q,129,D,Q
D129P,129,D,P
D129N,129,D,N
D129C,129,D,C
N130P,130,N,P
N130A,130,N,A
N130D,130,N,D
N130E,130,N,E
N130F,130,N,F
N130G,130,N,G
N130H,130,N,H
N130I,130,N,I
N130K,130,N,K
N130V,130,N,V
N130L,130,N,L
N130T,130,N,T
N130Y,130,N,Y
N130S,130,N,S
N130R,130,N,R
N130Q,130,N,Q
N130M,130,N,M
N130W,130,N,W
N130C,130,N,C
T131A,131,T,A
T131P,131,T,P
T131N,131,T,N
T131M,131,T,M
T131L,131,T,L
T131S,131,T,S
T131V,131,T,V
T131W,131,T,W
T131Y,131,T,Y
T131Q,131,T,Q
T131K,131,T,K
T131I,131,T,I
T131R,131,T,R
T131C,131,T,C
T131H,131,T,H
T131D,131,T,D
T131E,131,T,E
T131F,131,T,F
T131G,131,T,G
A132M,132,A,M
A132G,132,A,G
A132E,132,A,E
A132C,132,A,C
A132P,132,A,P
A132K,132,A,K
A132L,132,A,L
A132S,132,A,S
A132R,132,A,R
A132T,132,A,T
A132V,132,A,V
A133F,133,A,F
A133D,133,A,D
A133E,133,A,E
A133G,133,A,G
A133H,133,A,H
A133I,133,A,I
A133L,133,A,L
A133N,133,A,N
A133Q,133,A,Q
A133R,133,A,R
A133S,133,A,S
A133C,133,A,C
A133P,133,A,P
A133V,133,A,V
A133T,133,A,T
N134C,134,N,C
N134Y,134,N,Y
N134W,134,N,W
N134V,134,N,V
N134T,134,N,T
N134S,134,N,S
N134R,134,N,R
N134Q,134,N,Q
N134P,134,N,P
N134M,134,N,M
N134L,134,N,L
N134K,134,N,K
N134I,134,N,I
N134H,134,N,H
N134F,134,N,F
N134E,134,N,E
N134D,134,N,D
N134A,134,N,A
N134G,134,N,G
L135F,135,L,F
L135E,135,L,E
L135D,135,L,D
L135C,135,L,C
L135A,135,L,A
L135Y,135,L,Y
L135W,135,L,W
L135V,135,L,V
L135T,135,L,T
L135S,135,L,S
L135G,135,L,G
L135Q,135,L,Q
L135P,135,L,P
L135N,135,L,N
L135H,135,L,H
L135M,135,L,M
L135I,135,L,I
L135K,135,L,K
L135R,135,L,R
L136I,136,L,I
L136H,136,L,H
L136E,136,L,E
L136F,136,L,F
L136D,136,L,D
L136C,136,L,C
L136A,136,L,A
L136K,136,L,K
L136G,136,L,G
L136M,136,L,M
L136Y,136,L,Y
L136P,136,L,P
L136Q,136,L,Q
L136R,136,L,R
L136S,136,L,S
L136T,136,L,T
L136V,136,L,V
L136W,136,L,W
L136N,136,L,N
L137H,137,L,H
L137I,137,L,I
L137K,137,L,K
L137M,137,L,M
L137N,137,L,N
L137P,137,L,P
L137Q,137,L,Q
L137C,137,L,C
L137E,137,L,E
L137D,137,L,D
L137A,137,L,A
L137Y,137,L,Y
L137W,137,L,W
L137V,137,L,V
L137F,137,L,F
L137R,137,L,R
L137G,137,L,G
L137T,137,L,T
L137S,137,L,S
T138F,138,T,F
T138H,138,T,H
T138G,138,T,G
T138E,138,T,E
T138D,138,T,D
T138C,138,T,C
T138A,138,T,A
T138L,138,T,L
T138M,138,T,M
T138N,138,T,N
T138I,138,T,I
T138P,138,T,P
T138Q,138,T,Q
T138R,138,T,R
T138K,138,T,K
T138V,138,T,V
T138W,138,T,W
T138Y,138,T,Y
T138S,138,T,S
T139Y,139,T,Y
T139W,139,T,W
T139V,139,T,V
T139H,139,T,H
T139G,139,T,G
T139F,139,T,F
T139N,139,T,N
T139M,139,T,M
T139K,139,T,K
T139I,139,T,I
T139E,139,T,E
T139D,139,T,D
T139C,139,T,C
T139P,139,T,P
T139Q,139,T,Q
T139R,139,T,R
T139A,139,T,A
T139L,139,T,L
T139S,139,T,S
I140F,140,I,F
I140G,140,I,G
I140K,140,I,K
I140L,140,I,L
I140M,140,I,M
I140N,140,I,N
I140P,140,I,P
I140S,140,I,S
I140R,140,I,R
I140Q,140,I,Q
I140E,140,I,E
I140D,140,I,D
I140H,140,I,H
I140A,140,I,A
I140W,140,I,W
I140Y,140,I,Y
I140C,140,I,C
I140T,140,I,T
I140V,140,I,V
G141M,141,G,M
G141F,141,G,F
G141E,141,G,E
G141D,141,G,D
G141C,141,G,C
G141A,141,G,A
G141W,141,G,W
G141Y,141,G,Y
G141T,141,G,T
G141S,141,G,S
G141R,141,G,R
G141Q,141,G,Q
G141H,141,G,H
G141I,141,G,I
G141K,141,G,K
G141L,141,G,L
G141V,141,G,V
G142Y,142,G,Y
G142W,142,G,W
G142V,142,G,V
G142T,142,G,T
G142S,142,G,S
G142R,142,G,R
G142P,142,G,P
G142Q,142,G,Q
G142A,142,G,A
G142C,142,G,C
G142E,142,G,E
G142F,142,G,F
G142D,142,G,D
G142I,142,G,I
G142K,142,G,K
G142L,142,G,L
G142M,142,G,M
G142N,142,G,N
G142H,142,G,H
P143D,143,P,D
P143V,143,P,V
P143T,143,P,T
P143S,143,P,S
P143R,143,P,R
P143Q,143,P,Q
P143E,143,P,E
P143M,143,P,M
P143G,143,P,G
P143H,143,P,H
P143I,143,P,I
P143K,143,P,K
P143L,143,P,L
P143N,143,P,N
P143W,143,P,W
P143F,143,P,F
P143Y,143,P,Y
P143C,143,P,C
P143A,143,P,A
K144I,144,K,I
K144C,144,K,C
K144D,144,K,D
K144E,144,K,E
K144F,144,K,F
K144G,144,K,G
K144H,144,K,H
K144L,144,K,L
K144A,144,K,A
K144M,144,K,M
K144P,144,K,P
K144Q,144,K,Q
K144R,144,K,R
K144S,144,K,S
K144T,144,K,T
K144V,144,K,V
K144W,144,K,W
K144Y,144,K,Y
K144N,144,K,N
E145N,145,E,N
E145P,145,E,P
E145F,145,E,F
E145A,145,E,A
E145G,145,E,G
E145C,145,E,C
E145I,145,E,I
E145Q,145,E,Q
E145R,145,E,R
E145S,145,E,S
E145T,145,E,T
E145V,145,E,V
E145W,145,E,W
E145Y,145,E,Y
E145H,145,E,H
E145M,145,E,M
E145L,145,E,L
E145K,145,E,K
E145D,145,E,D
L146H,146,L,H
L146I,146,L,I
L146Q,146,L,Q
L146R,146,L,R
L146S,146,L,S
L146T,146,L,T
L146V,146,L,V
L146P,146,L,P
L146Y,146,L,Y
L146W,146,L,W
L146M,146,L,M
L146K,146,L,K
L146A,146,L,A
L146C,146,L,C
L146D,146,L,D
L146E,146,L,E
L146F,146,L,F
L146G,146,L,G
L146N,146,L,N
T147C,147,T,C
T147D,147,T,D
T147E,147,T,E
T147F,147,T,F
T147A,147,T,A
T147H,147,T,H
T147Y,147,T,Y
T147W,147,T,W
T147V,147,T,V
T147S,147,T,S
T147R,147,T,R
T147Q,147,T,Q
T147P,147,T,P
T147G,147,T,G
T147I,147,T,I
T147N,147,T,N
T147K,147,T,K
T147L,147,T,L
T147M,147,T,M
A148C,148,A,C
A148D,148,A,D
A148E,148,A,E
A148F,148,A,F
A148G,148,A,G
A148H,148,A,H
A148S,148,A,S
A148R,148,A,R
A148I,148,A,I
A148W,148,A,W
A148V,148,A,V
A148T,148,A,T
A148L,148,A,L
A148M,148,A,M
A148N,148,A,N
A148P,148,A,P
A148Q,148,A,Q
A148Y,148,A,Y
A148K,148,A,K
F149W,149,F,W
F149C,149,F,C
F149V,149,F,V
F149A,149,F,A
F149Y,149,F,Y
F149N,149,F,N
F149P,149,F,P
F149Q,149,F,Q
F149R,149,F,R
F149T,149,F,T
F149S,149,F,S
F149L,149,F,L
F149K,149,F,K
F149I,149,F,I
F149H,149,F,H
F149G,149,F,G
F149E,149,F,E
F149D,149,F,D
F149M,149,F,M
L150T,150,L,T
L150Y,150,L,Y
L150W,150,L,W
L150S,150,L,S
L150M,150,L,M
L150Q,150,L,Q
L150P,150,L,P
L150N,150,L,N
L150K,150,L,K
L150I,150,L,I
L150H,150,L,H
L150G,150,L,G
L150F,150,L,F
L150E,150,L,E
L150D,150,L,D
L150C,150,L,C
L150A,150,L,A
L150R,150,L,R
L150V,150,L,V
H151L,151,H,L
H151Q,151,H,Q
H151V,151,H,V
H151T,151,H,T
H151S,151,H,S
H151R,151,H,R
H151A,151,H,A
H151C,151,H,C
H151D,151,H,D
H151E,151,H,E
H151F,151,H,F
H151G,151,H,G
H151I,151,H,I
H151K,151,H,K
H151N,151,H,N
H151P,151,H,P
H151Y,151,H,Y
H151W,151,H,W
N152K,152,N,K
N152I,152,N,I
N152L,152,N,L
N152G,152,N,G
N152F,152,N,F
N152E,152,N,E
N152D,152,N,D
N152C,152,N,C
N152A,152,N,A
N152Y,152,N,Y
N152H,152,N,H
N152T,152,N,T
N152S,152,N,S
N152V,152,N,V
N152Q,152,N,Q
N152P,152,N,P
N152R,152,N,R
M153I,153,M,I
M153H,153,M,H
M153G,153,M,G
M153E,153,M,E
M153D,153,M,D
M153C,153,M,C
M153Q,153,M,Q
M153K,153,M,K
M153L,153,M,L
M153N,153,M,N
M153P,153,M,P
M153R,153,M,R
M153A,153,M,A
M153T,153,M,T
M153Y,153,M,Y
M153S,153,M,S
M153V,153,M,V
M153W,153,M,W
G154Y,154,G,Y
G154W,154,G,W
G154V,154,G,V
G154T,154,G,T
G154S,154,G,S
G154R,154,G,R
G154H,154,G,H
G154E,154,G,E
G154D,154,G,D
G154I,154,G,I
G154A,154,G,A
G154K,154,G,K
G154L,154,G,L
G154M,154,G,M
G154N,154,G,N
G154C,154,G,C
G154F,154,G,F
G154P,154,G,P
G154Q,154,G,Q
D155R,155,D,R
D155S,155,D,S
D155G,155,D,G
D155P,155,D,P
D155A,155,D,A
D155N,155,D,N
D155M,155,D,M
D155L,155,D,L
D155E,155,D,E
D155C,155,D,C
D155Q,155,D,Q
D155F,155,D,F
D155H,155,D,H
D155I,155,D,I
D155Y,155,D,Y
D155V,155,D,V
D155T,155,D,T
H156F,156,H,F
H156Y,156,H,Y
H156W,156,H,W
H156V,156,H,V
H156A,156,H,A
H156C,156,H,C
H156D,156,H,D
H156Q,156,H,Q
H156E,156,H,E
H156R,156,H,R
H156G,156,H,G
H156S,156,H,S
H156I,156,H,I
H156K,156,H,K
H156L,156,H,L
H156M,156,H,M
H156T,156,H,T
H156N,156,H,N
H156P,156,H,P
V157A,157,V,A
V157D,157,V,D
V157E,157,V,E
V157G,157,V,G
V157S,157,V,S
V157R,157,V,R
V157Q,157,V,Q
V157P,157,V,P
V157L,157,V,L
V157K,157,V,K
V157I,157,V,I
V157N,157,V,N
T158A,158,T,A
T158C,158,T,C
T158L,158,T,L
T158D,158,T,D
T158E,158,T,E
T158F,158,T,F
T158G,158,T,G
T158H,158,T,H
T158I,158,T,I
T158K,158,T,K
T158Y,158,T,Y
T158M,158,T,M
T158N,158,T,N
T158P,158,T,P
T158Q,158,T,Q
T158R,158,T,R
T158S,158,T,S
T158V,158,T,V
R159W,159,R,W
R159Y,159,R,Y
R159A,159,R,A
R159I,159,R,I
R159D,159,R,D
R159E,159,R,E
R159G,159,R,G
R159H,159,R,H
R159K,159,R,K
R159C,159,R,C
R159L,159,R,L
R159N,159,R,N
R159P,159,R,P
R159Q,159,R,Q
R159S,159,R,S
R159T,159,R,T
R159V,159,R,V
R159M,159,R,M
L160D,160,L,D
L160C,160,L,C
L160F,160,L,F
L160E,160,L,E
L160A,160,L,A
L160G,160,L,G
L160R,160,L,R
L160T,160,L,T
L160Y,160,L,Y
L160W,160,L,W
L160V,160,L,V
L160H,160,L,H
L160S,160,L,S
L160P,160,L,P
L160Q,160,L,Q
L160N,160,L,N
L160M,160,L,M
L160K,160,L,K
L160I,160,L,I
D161K,161,D,K
D161I,161,D,I
D161G,161,D,G
D161H,161,D,H
D161L,161,D,L
D161E,161,D,E
D161N,161,D,N
D161C,161,D,C
D161A,161,D,A
D161P,161,D,P
D161M,161,D,M
D161F,161,D,F
D161Y,161,D,Y
D161T,161,D,T
D161Q,161,D,Q
D161S,161,D,S
D161R,161,D,R
D161W,161,D,W
D161V,161,D,V
R162W,162,R,W
R162N,162,R,N
R162P,162,R,P
R162Q,162,R,Q
R162Y,162,R,Y
R162L,162,R,L
R162K,162,R,K
R162I,162,R,I
R162H,162,R,H
R162M,162,R,M
R162F,162,R,F
R162E,162,R,E
R162D,162,R,D
R162V,162,R,V
R162T,162,R,T
R162S,162,R,S
R162A,162,R,A
R162C,162,R,C
R162G,162,R,G
W163M,163,W,M
W163Q,163,W,Q
W163R,163,W,R
W163T,163,W,T
W163V,163,W,V
W163Y,163,W,Y
W163K,163,W,K
W163P,163,W,P
W163I,163,W,I
W163N,163,W,N
W163G,163,W,G
W163H,163,W,H
W163A,163,W,A
W163C,163,W,C
W163L,163,W,L
W163E,163,W,E
W163F,163,W,F
W163D,163,W,D
E164D,164,E,D
E164F,164,E,F
E164G,164,E,G
E164H,164,E,H
E164K,164,E,K
E164M,164,E,M
E164R,164,E,R
E164S,164,E,S
E164T,164,E,T
E164V,164,E,V
E164Y,164,E,Y
E164P,164,E,P
E164A,164,E,A
P165Y,165,P,Y
P165W,165,P,W
P165S,165,P,S
P165R,165,P,R
P165Q,165,P,Q
P165N,165,P,N
P165M,165,P,M
P165L,165,P,L
P165K,165,P,K
P165I,165,P,I
P165A,165,P,A
P165C,165,P,C
P165D,165,P,D
P165E,165,P,E
P165F,165,P,F
P165V,165,P,V
P165T,165,P,T
P165H,165,P,H
P165G,165,P,G
E166P,166,E,P
E166N,166,E,N
E166Y,166,E,Y
E166F,166,E,F
E166G,166,E,G
E166H,166,E,H
E166I,166,E,I
E166D,166,E,D
E166C,166,E,C
E166V,166,E,V
E166T,166,E,T
E166S,166,E,S
E166R,166,E,R
E166Q,166,E,Q
E166K,166,E,K
E166L,166,E,L
E166M,166,E,M
E166W,166,E,W
L167R,167,L,R
L167Y,167,L,Y
L167S,167,L,S
L167Q,167,L,Q
L167K,167,L,K
L167N,167,L,N
L167M,167,L,M
L167I,167,L,I
L167H,167,L,H
L167G,167,L,G
L167F,167,L,F
L167W,167,L,W
L167V,167,L,V
L167P,167,L,P
L167E,167,L,E
L167D,167,L,D
L167C,167,L,C
L167A,167,L,A
L167T,167,L,T
N168S,168,N,S
N168Q,168,N,Q
N168R,168,N,R
N168M,168,N,M
N168L,168,N,L
N168V,168,N,V
N168W,168,N,W
N168Y,168,N,Y
N168C,168,N,C
N168D,168,N,D
N168E,168,N,E
N168F,168,N,F
N168G,168,N,G
N168H,168,N,H
N168I,168,N,I
N168K,168,N,K
N168T,168,N,T
N168P,168,N,P
E169F,169,E,F
E169C,169,E,C
E169Y,169,E,Y
E169W,169,E,W
E169V,169,E,V
E169T,169,E,T
E169A,169,E,A
E169R,169,E,R
E169Q,169,E,Q
E169P,169,E,P
E169S,169,E,S
E169L,169,E,L
E169K,169,E,K
E169I,169,E,I
E169H,169,E,H
E169G,169,E,G
E169D,169,E,D
E169N,169,E,N
A170N,170,A,N
A170Y,170,A,Y
A170W,170,A,W
A170T,170,A,T
A170S,170,A,S
A170R,170,A,R
A170Q,170,A,Q
A170P,170,A,P
A170M,170,A,M
A170V,170,A,V
A170K,170,A,K
A170E,170,A,E
A170D,170,A,D
A170C,170,A,C
A170L,170,A,L
A170G,170,A,G
A170H,170,A,H
A170I,170,A,I
A170F,170,A,F
I171N,171,I,N
I171L,171,I,L
I171K,171,I,K
I171P,171,I,P
I171G,171,I,G
I171F,171,I,F
I171Q,171,I,Q
I171R,171,I,R
I171M,171,I,M
I171D,171,I,D
I171E,171,I,E
I171Y,171,I,Y
I171W,171,I,W
I171V,171,I,V
I171H,171,I,H
I171S,171,I,S
I171A,171,I,A
I171C,171,I,C
I171T,171,I,T
P172A,172,P,A
P172C,172,P,C
P172D,172,P,D
P172E,172,P,E
P172F,172,P,F
P172G,172,P,G
P172H,172,P,H
P172K,172,P,K
P172L,172,P,L
P172M,172,P,M
P172Q,172,P,Q
P172R,172,P,R
P172S,172,P,S
P172T,172,P,T
P172I,172,P,I
P172N,172,P,N
P172V,172,P,V
P172Y,172,P,Y
P172W,172,P,W
N173T,173,N,T
N173M,173,N,M
N173L,173,N,L
N173K,173,N,K
N173I,173,N,I
N173H,173,N,H
N173G,173,N,G
N173F,173,N,F
N173E,173,N,E
N173D,173,N,D
N173C,173,N,C
N173S,173,N,S
N173P,173,N,P
N173Q,173,N,Q
N173A,173,N,A
N173R,173,N,R
N173V,173,N,V
N173W,173,N,W
N173Y,173,N,Y
D174A,174,D,A
D174C,174,D,C
D174E,174,D,E
D174F,174,D,F
D174G,174,D,G
D174H,174,D,H
D174P,174,D,P
D174Y,174,D,Y
D174W,174,D,W
D174N,174,D,N
D174T,174,D,T
D174S,174,D,S
D174M,174,D,M
D174L,174,D,L
D174K,174,D,K
D174I,174,D,I
D174Q,174,D,Q
D174R,174,D,R
D174V,174,D,V
E175V,175,E,V
E175T,175,E,T
E175S,175,E,S
E175R,175,E,R
E175W,175,E,W
E175Y,175,E,Y
E175P,175,E,P
E175K,175,E,K
E175L,175,E,L
E175M,175,E,M
E175A,175,E,A
E175N,175,E,N
E175D,175,E,D
E175F,175,E,F
E175G,175,E,G
E175Q,175,E,Q
E175C,175,E,C
E175I,175,E,I
E175H,175,E,H
R176Q,176,R,Q
R176Y,176,R,Y
R176W,176,R,W
R176V,176,R,V
R176T,176,R,T
R176S,176,R,S
R176P,176,R,P
R176N,176,R,N
R176M,176,R,M
R176L,176,R,L
R176I,176,R,I
R176H,176,R,H
R176G,176,R,G
R176F,176,R,F
R176E,176,R,E
R176D,176,R,D
R176C,176,R,C
R176A,176,R,A
R176K,176,R,K
D177G,177,D,G
D177E,177,D,E
D177F,177,D,F
D177H,177,D,H
D177L,177,D,L
D177K,177,D,K
D177M,177,D,M
D177C,177,D,C
D177N,177,D,N
D177I,177,D,I
D177A,177,D,A
D177Y,177,D,Y
D177Q,177,D,Q
D177R,177,D,R
D177S,177,D,S
D177T,177,D,T
D177V,177,D,V
D177W,177,D,W
D177P,177,D,P
T178A,178,T,A
T178D,178,T,D
T178W,178,T,W
T178C,178,T,C
T178E,178,T,E
T178Y,178,T,Y
T178G,178,T,G
T178F,178,T,F
T178V,178,T,V
T178S,178,T,S
T178Q,178,T,Q
T178P,178,T,P
T178N,178,T,N
T178R,178,T,R
T178L,178,T,L
T178K,178,T,K
T178I,178,T,I
T178H,178,T,H
T178M,178,T,M
T179I,179,T,I
T179C,179,T,C
T179D,179,T,D
T179E,179,T,E
T179F,179,T,F
T179A,179,T,A
T179G,179,T,G
T179H,179,T,H
T179K,179,T,K
T179R,179,T,R
T179M,179,T,M
T179N,179,T,N
T179P,179,T,P
T179Q,179,T,Q
T179S,179,T,S
T179V,179,T,V
T179W,179,T,W
T179Y,179,T,Y
T179L,179,T,L
M180W,180,M,W
M180Y,180,M,Y
M180V,180,M,V
M180Q,180,M,Q
M180S,180,M,S
M180A,180,M,A
M180C,180,M,C
M180D,180,M,D
M180E,180,M,E
M180F,180,M,F
M180G,180,M,G
M180H,180,M,H
M180I,180,M,I
M180L,180,M,L
M180N,180,M,N
M180K,180,M,K
M180T,180,M,T
M180R,180,M,R
M180P,180,M,P
P181T,181,P,T
P181V,181,P,V
P181W,181,P,W
P181F,181,P,F
P181R,181,P,R
P181G,181,P,G
P181M,181,P,M
P181L,181,P,L
P181K,181,P,K
P181I,181,P,I
P181S,181,P,S
P181H,181,P,H
P181N,181,P,N
P181Q,181,P,Q
P181Y,181,P,Y
P181D,181,P,D
P181A,181,P,A
P181C,181,P,C
P181E,181,P,E
A182Q,182,A,Q
A182D,182,A,D
A182E,182,A,E
A182W,182,A,W
A182Y,182,A,Y
A182F,182,A,F
A182M,182,A,M
A182G,182,A,G
A182V,182,A,V
A182T,182,A,T
A182S,182,A,S
A182C,182,A,C
A182P,182,A,P
A182N,182,A,N
A182K,182,A,K
A182H,182,A,H
A182I,182,A,I
A182L,182,A,L
A182R,182,A,R
A183P,183,A,P
A183N,183,A,N
A183M,183,A,M
A183L,183,A,L
A183C,183,A,C
A183W,183,A,W
A183R,183,A,R
A183S,183,A,S
A183T,183,A,T
A183V,183,A,V
A183Y,183,A,Y
A183K,183,A,K
A183I,183,A,I
A183G,183,A,G
A183F,183,A,F
A183E,183,A,E
A183D,183,A,D
A183Q,183,A,Q
A183H,183,A,H
M184H,184,M,H
M184W,184,M,W
M184C,184,M,C
M184A,184,M,A
M184D,184,M,D
M184Y,184,M,Y
M184F,184,M,F
M184G,184,M,G
M184I,184,M,I
M184K,184,M,K
M184E,184,M,E
M184N,184,M,N
M184P,184,M,P
M184Q,184,M,Q
M184V,184,M,V
M184R,184,M,R
M184S,184,M,S
M184T,184,M,T
M184L,184,M,L
A185Y,185,A,Y
A185V,185,A,V
A185T,185,A,T
A185S,185,A,S
A185R,185,A,R
A185N,185,A,N
A185P,185,A,P
A185L,185,A,L
A185K,185,A,K
A185I,185,A,I
A185G,185,A,G
A185C,185,A,C
A185Q,185,A,Q
A185E,185,A,E
A185D,185,A,D
T186I,186,T,I
T186Y,186,T,Y
T186W,186,T,W
T186V,186,T,V
T186S,186,T,S
T186R,186,T,R
T186Q,186,T,Q
T186P,186,T,P
T186N,186,T,N
T186M,186,T,M
T186K,186,T,K
T186H,186,T,H
T186G,186,T,G
T186F,186,T,F
T186E,186,T,E
T186D,186,T,D
T186C,186,T,C
T186A,186,T,A
T186L,186,T,L
T187C,187,T,C
T187A,187,T,A
T187D,187,T,D
T187H,187,T,H
T187S,187,T,S
T187Y,187,T,Y
T187W,187,T,W
T187V,187,T,V
T187R,187,T,R
T187Q,187,T,Q
T187P,187,T,P
T187N,187,T,N
T187M,187,T,M
T187L,187,T,L
T187I,187,T,I
T187G,187,T,G
T187E,187,T,E
T187F,187,T,F
L188D,188,L,D
L188Y,188,L,Y
L188W,188,L,W
L188V,188,L,V
L188E,188,L,E
L188T,188,L,T
L188S,188,L,S
L188H,188,L,H
L188G,188,L,G
L188Q,188,L,Q
L188P,188,L,P
L188N,188,L,N
L188M,188,L,M
L188K,188,L,K
L188I,188,L,I
L188R,188,L,R
L188C,188,L,C
L188F,188,L,F
L188A,188,L,A
R189F,189,R,F
R189A,189,R,A
R189Y,189,R,Y
R189W,189,R,W
R189V,189,R,V
R189T,189,R,T
R189S,189,R,S
R189Q,189,R,Q
R189P,189,R,P
R189N,189,R,N
R189L,189,R,L
R189K,189,R,K
R189I,189,R,I
R189H,189,R,H
R189G,189,R,G
R189E,189,R,E
R189C,189,R,C
R189M,189,R,M
R189D,189,R,D
K190N,190,K,N
K190D,190,K,D
K190P,190,K,P
K190Q,190,K,Q
K190R,190,K,R
K190S,190,K,S
K190T,190,K,T
K190V,190,K,V
K190L,190,K,L
K190W,190,K,W
K190I,190,K,I
K190H,190,K,H
K190G,190,K,G
K190F,190,K,F
K190E,190,K,E
K190A,190,K,A
K190Y,190,K,Y
K190C,190,K,C
L191A,191,L,A
L191F,191,L,F
L191Y,191,L,Y
L191W,191,L,W
L191V,191,L,V
L191T,191,L,T
L191S,191,L,S
L191R,191,L,R
L191P,191,L,P
L191Q,191,L,Q
L191M,191,L,M
L191K,191,L,K
L191I,191,L,I
L191H,191,L,H
L191G,191,L,G
L191C,191,L,C
L191D,191,L,D
L191N,191,L,N
L191E,191,L,E
L192E,192,L,E
L192A,192,L,A
L192C,192,L,C
L192D,192,L,D
L192Y,192,L,Y
L192F,192,L,F
L192W,192,L,W
L192V,192,L,V
L192T,192,L,T
L192S,192,L,S
L192R,192,L,R
L192Q,192,L,Q
L192N,192,L,N
L192M,192,L,M
L192K,192,L,K
L192I,192,L,I
L192H,192,L,H
L192G,192,L,G
T193Y,193,T,Y
T193K,193,T,K
T193W,193,T,W
T193V,193,T,V
T193S,193,T,S
T193R,193,T,R
T193P,193,T,P
T193N,193,T,N
T193A,193,T,A
T193D,193,T,D
T193E,193,T,E
T193F,193,T,F
T193M,193,T,M
T193H,193,T,H
T193I,193,T,I
T193L,193,T,L
T193G,193,T,G
G194Q,194,G,Q
G194W,194,G,W
G194A,194,G,A
G194Y,194,G,Y
G194D,194,G,D
G194E,194,G,E
G194F,194,G,F
G194I,194,G,I
G194K,194,G,K
G194L,194,G,L
G194C,194,G,C
G194N,194,G,N
G194P,194,G,P
G194R,194,G,R
G194S,194,G,S
G194T,194,G,T
G194V,194,G,V
G194M,194,G,M
E195V,195,E,V
E195T,195,E,T
E195S,195,E,S
E195R,195,E,R
E195Q,195,E,Q
E195N,195,E,N
E195H,195,E,H
E195K,195,E,K
E195I,195,E,I
E195G,195,E,G
E195D,195,E,D
E195A,195,E,A
E195Y,195,E,Y
E195L,195,E,L
E195W,195,E,W
E195C,195,E,C
L196N,196,L,N
L196W,196,L,W
L196V,196,L,V
L196T,196,L,T
L196S,196,L,S
L196R,196,L,R
L196Q,196,L,Q
L196P,196,L,P
L196M,196,L,M
L196K,196,L,K
L196I,196,L,I
L196H,196,L,H
L196G,196,L,G
L196F,196,L,F
L196E,196,L,E
L196D,196,L,D
L196Y,196,L,Y
L196C,196,L,C
L196A,196,L,A
L197D,197,L,D
L197Y,197,L,Y
L197W,197,L,W
L197V,197,L,V
L197T,197,L,T
L197S,197,L,S
L197R,197,L,R
L197Q,197,L,Q
L197P,197,L,P
L197M,197,L,M
L197K,197,L,K
L197I,197,L,I
L197H,197,L,H
L197G,197,L,G
L197F,197,L,F
L197E,197,L,E
L197C,197,L,C
L197A,197,L,A
L197N,197,L,N
T198M,198,T,M
T198Y,198,T,Y
T198W,198,T,W
T198N,198,T,N
T198K,198,T,K
T198I,198,T,I
T198H,198,T,H
T198G,198,T,G
T198F,198,T,F
T198V,198,T,V
T198S,198,T,S
T198R,198,T,R
T198Q,198,T,Q
T198A,198,T,A
T198C,198,T,C
T198D,198,T,D
T198E,198,T,E
T198P,198,T,P
T198L,198,T,L
L199T,199,L,T
L199S,199,L,S
L199V,199,L,V
L199A,199,L,A
L199C,199,L,C
L199F,199,L,F
L199G,199,L,G
L199H,199,L,H
L199I,199,L,I
L199K,199,L,K
L199Q,199,L,Q
L199E,199,L,E
L199P,199,L,P
L199R,199,L,R
L199N,199,L,N
A200I,200,A,I
A200D,200,A,D
A200E,200,A,E
A200F,200,A,F
A200G,200,A,G
A200H,200,A,H
A200R,200,A,R
A200S,200,A,S
A200T,200,A,T
A200V,200,A,V
A200W,200,A,W
A200Y,200,A,Y
A200P,200,A,P
A200N,200,A,N
A200Q,200,A,Q
A200K,200,A,K
A200L,200,A,L
A200C,200,A,C
A200M,200,A,M
S201Q,201,S,Q
S201C,201,S,C
S201D,201,S,D
S201E,201,S,E
S201F,201,S,F
S201R,201,S,R
S201G,201,S,G
S201I,201,S,I
S201K,201,S,K
S201L,201,S,L
S201N,201,S,N
S201T,201,S,T
S201V,201,S,V
S201W,201,S,W
S201Y,201,S,Y
S201P,201,S,P
S201H,201,S,H
S201A,201,S,A
R202V,202,R,V
R202W,202,R,W
R202E,202,R,E
R202I,202,R,I
R202H,202,R,H
R202G,202,R,G
R202F,202,R,F
R202M,202,R,M
R202D,202,R,D
R202C,202,R,C
R202A,202,R,A
R202Y,202,R,Y
R202P,202,R,P
R202Q,202,R,Q
R202S,202,R,S
R202T,202,R,T
R202L,202,R,L
R202K,202,R,K
R202N,202,R,N
Q203W,203,Q,W
Q203D,203,Q,D
Q203Y,203,Q,Y
Q203C,203,Q,C
Q203V,203,Q,V
Q203T,203,Q,T
Q203P,203,Q,P
Q203R,203,Q,R
Q203A,203,Q,A
Q203E,203,Q,E
Q203S,203,Q,S
Q203G,203,Q,G
Q203H,203,Q,H
Q203F,203,Q,F
Q203K,203,Q,K
Q203L,203,Q,L
Q203M,203,Q,M
Q203N,203,Q,N
Q203I,203,Q,I
Q204H,204,Q,H
Q204A,204,Q,A
Q204C,204,Q,C
Q204D,204,Q,D
Q204E,204,Q,E
Q204F,204,Q,F
Q204G,204,Q,G
Q204I,204,Q,I
Q204W,204,Q,W
Q204L,204,Q,L
Q204K,204,Q,K
Q204V,204,Q,V
Q204T,204,Q,T
Q204S,204,Q,S
Q204Y,204,Q,Y
Q204P,204,Q,P
Q204N,204,Q,N
Q204M,204,Q,M
Q204R,204,Q,R
L205Y,205,L,Y
L205R,205,L,R
L205S,205,L,S
L205T,205,L,T
L205V,205,L,V
L205W,205,L,W
L205A,205,L,A
L205G,205,L,G
L205D,205,L,D
L205E,205,L,E
L205F,205,L,F
L205H,205,L,H
L205I,205,L,I
L205K,205,L,K
L205N,205,L,N
L205C,205,L,C
L205Q,205,L,Q
I206W,206,I,W
I206A,206,I,A
I206T,206,I,T
I206S,206,I,S
I206R,206,I,R
I206Q,206,I,Q
I206Y,206,I,Y
I206V,206,I,V
I206N,206,I,N
I206P,206,I,P
I206L,206,I,L
I206M,206,I,M
I206D,206,I,D
I206E,206,I,E
I206F,206,I,F
I206C,206,I,C
I206H,206,I,H
I206K,206,I,K
I206G,206,I,G
D207P,207,D,P
D207W,207,D,W
D207V,207,D,V
D207T,207,D,T
D207S,207,D,S
D207R,207,D,R
D207Q,207,D,Q
D207Y,207,D,Y
D207N,207,D,N
D207A,207,D,A
D207M,207,D,M
D207L,207,D,L
D207K,207,D,K
D207I,207,D,I
D207H,207,D,H
D207G,207,D,G
D207F,207,D,F
D207C,207,D,C
D207E,207,D,E
W208K,208,W,K
W208M,208,W,M
W208N,208,W,N
W208C,208,W,C
W208P,208,W,P
W208L,208,W,L
W208I,208,W,I
W208A,208,W,A
W208Q,208,W,Q
W208Y,208,W,Y
W208T,208,W,T
W208V,208,W,V
W208D,208,W,D
W208E,208,W,E
W208F,208,W,F
W208G,208,W,G
W208H,208,W,H
W208S,208,W,S
W208R,208,W,R
M209V,209,M,V
M209Y,209,M,Y
M209W,209,M,W
M209T,209,M,T
M209R,209,M,R
M209Q,209,M,Q
M209N,209,M,N
M209L,209,M,L
M209K,209,M,K
M209I,209,M,I
M209G,209,M,G
M209E,209,M,E
M209C,209,M,C
M209A,209,M,A
M209S,209,M,S
M209F,209,M,F
E210D,210,E,D
E210V,210,E,V
E210F,210,E,F
E210G,210,E,G
E210H,210,E,H
E210I,210,E,I
E210K,210,E,K
E210L,210,E,L
E210Y,210,E,Y
E210M,210,E,M
E210P,210,E,P
E210Q,210,E,Q
E210R,210,E,R
E210A,210,E,A
E210T,210,E,T
E210C,210,E,C
E210N,210,E,N
E210S,210,E,S
A211T,211,A,T
A211W,211,A,W
A211C,211,A,C
A211D,211,A,D
A211Y,211,A,Y
A211F,211,A,F
A211G,211,A,G
A211H,211,A,H
A211I,211,A,I
A211K,211,A,K
A211L,211,A,L
A211E,211,A,E
A211N,211,A,N
A211P,211,A,P
A211Q,211,A,Q
A211R,211,A,R
A211S,211,A,S
A211V,211,A,V
A211M,211,A,M
D212H,212,D,H
D212I,212,D,I
D212K,212,D,K
D212L,212,D,L
D212M,212,D,M
D212N,212,D,N
D212S,212,D,S
D212Q,212,D,Q
D212R,212,D,R
D212T,212,D,T
D212V,212,D,V
D212Y,212,D,Y
D212W,212,D,W
D212P,212,D,P
D212F,212,D,F
D212G,212,D,G
D212A,212,D,A
D212C,212,D,C
D212E,212,D,E
K213I,213,K,I
K213H,213,K,H
K213L,213,K,L
K213M,213,K,M
K213N,213,K,N
K213P,213,K,P
K213Y,213,K,Y
K213W,213,K,W
K213A,213,K,A
K213T,213,K,T
K213S,213,K,S
K213R,213,K,R
K213Q,213,K,Q
K213C,213,K,C
K213D,213,K,D
K213E,213,K,E
K213F,213,K,F
K213G,213,K,G
K213V,213,K,V
V214E,214,V,E
V214I,214,V,I
V214H,214,V,H
V214G,214,V,G
V214F,214,V,F
V214Y,214,V,Y
V214N,214,V,N
V214T,214,V,T
V214S,214,V,S
V214R,214,V,R
V214Q,214,V,Q
V214P,214,V,P
V214L,214,V,L
V214K,214,V,K
V214C,214,V,C
V214D,214,V,D
V214A,214,V,A
V214W,214,V,W
A215C,215,A,C
A215D,215,A,D
A215E,215,A,E
A215V,215,A,V
A215G,215,A,G
A215H,215,A,H
A215I,215,A,I
A215K,215,A,K
A215L,215,A,L
A215M,215,A,M
A215N,215,A,N
A215P,215,A,P
A215Q,215,A,Q
A215R,215,A,R
A215S,215,A,S
A215T,215,A,T
A215W,215,A,W
A215Y,215,A,Y
A215F,215,A,F
G216W,216,G,W
G216Y,216,G,Y
G216T,216,G,T
G216V,216,G,V
G216S,216,G,S
G216R,216,G,R
G216Q,216,G,Q
G216P,216,G,P
G216M,216,G,M
G216L,216,G,L
G216I,216,G,I
G216H,216,G,H
G216E,216,G,E
G216D,216,G,D
G216C,216,G,C
G216A,216,G,A
P217A,217,P,A
P217C,217,P,C
P217Y,217,P,Y
P217E,217,P,E
P217W,217,P,W
P217D,217,P,D
P217V,217,P,V
P217S,217,P,S
P217R,217,P,R
P217Q,217,P,Q
P217N,217,P,N
P217M,217,P,M
P217T,217,P,T
P217K,217,P,K
P217I,217,P,I
P217H,217,P,H
P217G,217,P,G
P217F,217,P,F
P217L,217,P,L
L218S,218,L,S
L218R,218,L,R
L218P,218,L,P
L218N,218,L,N
L218M,218,L,M
L218K,218,L,K
L218W,218,L,W
L218H,218,L,H
L218Q,218,L,Q
L218F,218,L,F
L218T,218,L,T
L218G,218,L,G
L218Y,218,L,Y
L218V,218,L,V
L218I,218,L,I
L218A,218,L,A
L218C,218,L,C
L218E,218,L,E
L218D,218,L,D
L219I,219,L,I
L219K,219,L,K
L219M,219,L,M
L219N,219,L,N
L219P,219,L,P
L219Q,219,L,Q
L219R,219,L,R
L219S,219,L,S
L219T,219,L,T
L219V,219,L,V
L219Y,219,L,Y
L219F,219,L,F
L219E,219,L,E
L219D,219,L,D
L219C,219,L,C
L219A,219,L,A
L219W,219,L,W
L219G,219,L,G
L219H,219,L,H
R220A,220,R,A
R220Y,220,R,Y
R220W,220,R,W
R220V,220,R,V
R220T,220,R,T
R220S,220,R,S
R220P,220,R,P
R220N,220,R,N
R220M,220,R,M
R220Q,220,R,Q
R220K,220,R,K
R220L,220,R,L
R220D,220,R,D
R220E,220,R,E
R220F,220,R,F
R220C,220,R,C
R220H,220,R,H
R220I,220,R,I
R220G,220,R,G
S221M,221,S,M
S221V,221,S,V
S221T,221,S,T
S221R,221,S,R
S221Q,221,S,Q
S221P,221,S,P
S221N,221,S,N
S221A,221,S,A
S221C,221,S,C
S221K,221,S,K
S221I,221,S,I
S221H,221,S,H
S221G,221,S,G
S221F,221,S,F
S221E,221,S,E
S221D,221,S,D
S221Y,221,S,Y
S221L,221,S,L
S221W,221,S,W
A222M,222,A,M
A222V,222,A,V
A222C,222,A,C
A222D,222,A,D
A222E,222,A,E
A222F,222,A,F
A222G,222,A,G
A222H,222,A,H
A222W,222,A,W
A222I,222,A,I
A222L,222,A,L
A222P,222,A,P
A222Q,222,A,Q
A222R,222,A,R
A222S,222,A,S
A222T,222,A,T
A222K,222,A,K
A222Y,222,A,Y
A222N,222,A,N
L223V,223,L,V
L223T,223,L,T
L223I,223,L,I
L223A,223,L,A
L223C,223,L,C
L223D,223,L,D
L223E,223,L,E
L223F,223,L,F
L223H,223,L,H
L223G,223,L,G
L223M,223,L,M
L223Y,223,L,Y
L223N,223,L,N
L223P,223,L,P
L223Q,223,L,Q
L223R,223,L,R
L223S,223,L,S
L223K,223,L,K
L223W,223,L,W
P224C,224,P,C
P224F,224,P,F
P224E,224,P,E
P224D,224,P,D
P224I,224,P,I
P224G,224,P,G
P224K,224,P,K
P224L,224,P,L
P224N,224,P,N
P224Q,224,P,Q
P224R,224,P,R
P224S,224,P,S
P224T,224,P,T
P224V,224,P,V
P224W,224,P,W
P224Y,224,P,Y
P224H,224,P,H
P224A,224,P,A
P224M,224,P,M
A225I,225,A,I
A225V,225,A,V
A225K,225,A,K
A225Y,225,A,Y
A225T,225,A,T
A225Q,225,A,Q
A225R,225,A,R
A225H,225,A,H
A225S,225,A,S
A225F,225,A,F
A225E,225,A,E
A225D,225,A,D
A225C,225,A,C
A225L,225,A,L
A225M,225,A,M
A225G,225,A,G
A225N,225,A,N
A225P,225,A,P
G226F,226,G,F
G226M,226,G,M
G226L,226,G,L
G226K,226,G,K
G226I,226,G,I
G226H,226,G,H
G226E,226,G,E
G226D,226,G,D
G226C,226,G,C
G226A,226,G,A
G226Q,226,G,Q
G226R,226,G,R
G226S,226,G,S
G226T,226,G,T
G226V,226,G,V
G226W,226,G,W
G226Y,226,G,Y
G226N,226,G,N
G226P,226,G,P
W227K,227,W,K
W227G,227,W,G
W227A,227,W,A
W227C,227,W,C
W227D,227,W,D
W227E,227,W,E
W227F,227,W,F
W227L,227,W,L
W227M,227,W,M
W227I,227,W,I
W227P,227,W,P
W227Q,227,W,Q
W227R,227,W,R
W227S,227,W,S
W227T,227,W,T
W227V,227,W,V
W227Y,227,W,Y
W227H,227,W,H
W227N,227,W,N
F228Q,228,F,Q
F228P,228,F,P
F228N,228,F,N
F228M,228,F,M
F228L,228,F,L
F228K,228,F,K
F228E,228,F,E
F228G,228,F,G
F228R,228,F,R
F228D,228,F,D
F228C,228,F,C
F228A,228,F,A
F228H,228,F,H
F228S,228,F,S
F228I,228,F,I
F228V,228,F,V
F228Y,228,F,Y
F228T,228,F,T
F228W,228,F,W
I229P,229,I,P
I229N,229,I,N
I229M,229,I,M
I229L,229,I,L
I229K,229,I,K
I229W,229,I,W
I229G,229,I,G
I229F,229,I,F
I229E,229,I,E
I229D,229,I,D
I229C,229,I,C
I229A,229,I,A
I229H,229,I,H
I229Y,229,I,Y
I229T,229,I,T
I229Q,229,I,Q
I229R,229,I,R
I229S,229,I,S
I229V,229,I,V
A230L,230,A,L
A230K,230,A,K
A230T,230,A,T
A230V,230,A,V
A230W,230,A,W
A230Y,230,A,Y
A230M,230,A,M
A230P,230,A,P
A230S,230,A,S
A230C,230,A,C
A230D,230,A,D
A230E,230,A,E
A230F,230,A,F
A230G,230,A,G
A230H,230,A,H
A230R,230,A,R
A230N,230,A,N
A230Q,230,A,Q
A230I,230,A,I
D231T,231,D,T
D231C,231,D,C
D231Y,231,D,Y
D231W,231,D,W
D231V,231,D,V
D231S,231,D,S
D231A,231,D,A
D231Q,231,D,Q
D231P,231,D,P
D231N,231,D,N
D231R,231,D,R
D231L,231,D,L
D231K,231,D,K
D231I,231,D,I
D231H,231,D,H
D231G,231,D,G
D231F,231,D,F
D231E,231,D,E
D231M,231,D,M
K232R,232,K,R
K232S,232,K,S
K232T,232,K,T
K232V,232,K,V
K232W,232,K,W
K232Y,232,K,Y
K232N,232,K,N
K232M,232,K,M
K232C,232,K,C
K232I,232,K,I
K232H,232,K,H
K232G,232,K,G
K232F,232,K,F
K232E,232,K,E
K232D,232,K,D
K232Q,232,K,Q
K232A,232,K,A
K232L,232,K,L
K232P,232,K,P
S233F,233,S,F
S233C,233,S,C
S233D,233,S,D
S233E,233,S,E
S233G,233,S,G
S233H,233,S,H
S233I,233,S,I
S233L,233,S,L
S233N,233,S,N
S233P,233,S,P
S233Q,233,S,Q
S233A,233,S,A
S233K,233,S,K
S233T,233,S,T
S233W,233,S,W
S233Y,233,S,Y
S233V,233,S,V
S233R,233,S,R
G234D,234,G,D
G234E,234,G,E
G234F,234,G,F
G234I,234,G,I
G234K,234,G,K
G234L,234,G,L
G234M,234,G,M
G234P,234,G,P
G234Q,234,G,Q
G234R,234,G,R
G234S,234,G,S
G234T,234,G,T
G234V,234,G,V
G234N,234,G,N
G234C,234,G,C
G234Y,234,G,Y
G234A,234,G,A
G234W,234,G,W
A235C,235,A,C
A235Y,235,A,Y
A235W,235,A,W
A235V,235,A,V
A235T,235,A,T
A235S,235,A,S
A235R,235,A,R
A235Q,235,A,Q
A235P,235,A,P
A235L,235,A,L
A235K,235,A,K
A235I,235,A,I
A235H,235,A,H
A235G,235,A,G
A235F,235,A,F
A235E,235,A,E
A235N,235,A,N
A235D,235,A,D
G236N,236,G,N
G236C,236,G,C
G236Y,236,G,Y
G236V,236,G,V
G236T,236,G,T
G236S,236,G,S
G236R,236,G,R
G236Q,236,G,Q
G236A,236,G,A
G236P,236,G,P
G236L,236,G,L
G236K,236,G,K
G236I,236,G,I
G236H,236,G,H
G236F,236,G,F
G236E,236,G,E
G236D,236,G,D
G236M,236,G,M
G236W,236,G,W
E237Q,237,E,Q
E237R,237,E,R
E237P,237,E,P
E237F,237,E,F
E237G,237,E,G
E237H,237,E,H
E237I,237,E,I
E237K,237,E,K
E237L,237,E,L
E237A,237,E,A
E237M,237,E,M
E237N,237,E,N
E237Y,237,E,Y
E237W,237,E,W
E237D,237,E,D
E237T,237,E,T
E237S,237,E,S
E237V,237,E,V
E237C,237,E,C
R238E,238,R,E
R238F,238,R,F
R238G,238,R,G
R238I,238,R,I
R238Y,238,R,Y
R238W,238,R,W
R238D,238,R,D
R238V,238,R,V
R238S,238,R,S
R238Q,238,R,Q
R238P,238,R,P
R238N,238,R,N
R238M,238,R,M
R238L,238,R,L
R238T,238,R,T
R238C,238,R,C
R238H,238,R,H
R238K,238,R,K
R238A,238,R,A
G239F,239,G,F
G239N,239,G,N
G239H,239,G,H
G239I,239,G,I
G239K,239,G,K
G239L,239,G,L
G239M,239,G,M
G239P,239,G,P
G239Q,239,G,Q
G239S,239,G,S
G239R,239,G,R
G239V,239,G,V
G239D,239,G,D
G239C,239,G,C
G239A,239,G,A
G239W,239,G,W
G239E,239,G,E
G239Y,239,G,Y
G239T,239,G,T
S240H,240,S,H
S240D,240,S,D
S240C,240,S,C
S240A,240,S,A
S240E,240,S,E
S240F,240,S,F
S240G,240,S,G
S240R,240,S,R
S240M,240,S,M
S240I,240,S,I
S240Q,240,S,Q
S240T,240,S,T
S240V,240,S,V
S240W,240,S,W
S240Y,240,S,Y
S240K,240,S,K
S240L,240,S,L
S240N,240,S,N
S240P,240,S,P
R241T,241,R,T
R241S,241,R,S
R241G,241,R,G
R241F,241,R,F
R241P,241,R,P
R241N,241,R,N
R241M,241,R,M
R241L,241,R,L
R241K,241,R,K
R241Q,241,R,Q
R241I,241,R,I
R241H,241,R,H
R241D,241,R,D
R241E,241,R,E
R241W,241,R,W
R241V,241,R,V
R241A,241,R,A
R241C,241,R,C
R241Y,241,R,Y
G242W,242,G,W
G242M,242,G,M
G242K,242,G,K
G242I,242,G,I
G242H,242,G,H
G242F,242,G,F
G242E,242,G,E
G242D,242,G,D
G242Y,242,G,Y
G242V,242,G,V
G242T,242,G,T
G242S,242,G,S
G242R,242,G,R
G242Q,242,G,Q
G242P,242,G,P
G242N,242,G,N
G242C,242,G,C
G242A,242,G,A
G242L,242,G,L
I243W,243,I,W
I243A,243,I,A
I243C,243,I,C
I243D,243,I,D
I243E,243,I,E
I243F,243,I,F
I243G,243,I,G
I243V,243,I,V
I243Y,243,I,Y
I243Q,243,I,Q
I243R,243,I,R
I243S,243,I,S
I243T,243,I,T
I243K,243,I,K
I243L,243,I,L
I243M,243,I,M
I243N,243,I,N
I243P,243,I,P
I243H,243,I,H
I244E,244,I,E
I244D,244,I,D
I244C,244,I,C
I244T,244,I,T
I244F,244,I,F
I244S,244,I,S
I244A,244,I,A
I244G,244,I,G
I244L,244,I,L
I244K,244,I,K
I244M,244,I,M
I244N,244,I,N
I244P,244,I,P
I244Q,244,I,Q
I244R,244,I,R
I244Y,244,I,Y
I244W,244,I,W
I244V,244,I,V
I244H,244,I,H
A245V,245,A,V
A245T,245,A,T
A245S,245,A,S
A245R,245,A,R
A245Q,245,A,Q
A245L,245,A,L
A245N,245,A,N
A245I,245,A,I
A245K,245,A,K
A245M,245,A,M
A245W,245,A,W
A245P,245,A,P
A245Y,245,A,Y
A245H,245,A,H
A245G,245,A,G
A245C,245,A,C
A245D,245,A,D
A245E,245,A,E
A245F,245,A,F
A246Y,246,A,Y
A246W,246,A,W
A246V,246,A,V
A246T,246,A,T
A246S,246,A,S
A246R,246,A,R
A246L,246,A,L
A246P,246,A,P
A246N,246,A,N
A246C,246,A,C
A246D,246,A,D
A246E,246,A,E
A246F,246,A,F
A246G,246,A,G
A246H,246,A,H
A246I,246,A,I
A246K,246,A,K
A246M,246,A,M
A246Q,246,A,Q
L247C,247,L,C
L247I,247,L,I
L247Q,247,L,Q
L247R,247,L,R
L247K,247,L,K
L247H,247,L,H
L247G,247,L,G
L247F,247,L,F
L247E,247,L,E
L247P,247,L,P
L247T,247,L,T
L247S,247,L,S
L247W,247,L,W
L247Y,247,L,Y
L247A,247,L,A
L247D,247,L,D
L247V,247,L,V
L247M,247,L,M
G248V,248,G,V
G248W,248,G,W
G248Y,248,G,Y
G248T,248,G,T
G248S,248,G,S
G248R,248,G,R
G248Q,248,G,Q
G248P,248,G,P
G248C,248,G,C
G248D,248,G,D
G248E,248,G,E
G248F,248,G,F
G248H,248,G,H
G248K,248,G,K
G248L,248,G,L
G248M,248,G,M
G248A,248,G,A
G248N,248,G,N
P249S,249,P,S
P249T,249,P,T
P249V,249,P,V
P249W,249,P,W
P249Y,249,P,Y
P249R,249,P,R
P249I,249,P,I
P249N,249,P,N
P249L,249,P,L
P249M,249,P,M
P249A,249,P,A
P249C,249,P,C
P249D,249,P,D
P249E,249,P,E
P249F,249,P,F
P249G,249,P,G
P249H,249,P,H
P249Q,249,P,Q
P249K,249,P,K
D250S,250,D,S
D250A,250,D,A
D250F,250,D,F
D250G,250,D,G
D250H,250,D,H
D250I,250,D,I
D250K,250,D,K
D250M,250,D,M
D250E,250,D,E
D250Y,250,D,Y
D250V,250,D,V
D250T,250,D,T
D250R,250,D,R
D250Q,250,D,Q
D250P,250,D,P
D250N,250,D,N
D250W,250,D,W
D250C,250,D,C
D250L,250,D,L
G251P,251,G,P
G251I,251,G,I
G251H,251,G,H
G251F,251,G,F
G251E,251,G,E
G251D,251,G,D
G251C,251,G,C
G251A,251,G,A
G251M,251,G,M
G251N,251,G,N
G251Q,251,G,Q
G251R,251,G,R
G251S,251,G,S
G251T,251,G,T
G251L,251,G,L
G251W,251,G,W
G251Y,251,G,Y
G251K,251,G,K
G251V,251,G,V
K252Y,252,K,Y
K252T,252,K,T
K252S,252,K,S
K252R,252,K,R
K252Q,252,K,Q
K252P,252,K,P
K252A,252,K,A
K252C,252,K,C
K252E,252,K,E
K252N,252,K,N
K252F,252,K,F
K252G,252,K,G
K252H,252,K,H
K252I,252,K,I
K252M,252,K,M
K252V,252,K,V
K252L,252,K,L
K252D,252,K,D
K252W,252,K,W
P253H,253,P,H
P253I,253,P,I
P253A,253,P,A
P253V,253,P,V
P253T,253,P,T
P253S,253,P,S
P253R,253,P,R
P253Q,253,P,Q
P253N,253,P,N
P253L,253,P,L
P253K,253,P,K
P253G,253,P,G
P253F,253,P,F
P253W,253,P,W
P253Y,253,P,Y
P253E,253,P,E
P253D,253,P,D
P253C,253,P,C
S254F,254,S,F
S254C,254,S,C
S254A,254,S,A
S254E,254,S,E
S254D,254,S,D
S254W,254,S,W
S254V,254,S,V
S254T,254,S,T
S254Y,254,S,Y
S254Q,254,S,Q
S254P,254,S,P
S254G,254,S,G
S254N,254,S,N
S254M,254,S,M
S254L,254,S,L
S254K,254,S,K
S254H,254,S,H
S254R,254,S,R
S254I,254,S,I
R255F,255,R,F
R255C,255,R,C
R255D,255,R,D
R255A,255,R,A
R255S,255,R,S
R255E,255,R,E
R255Q,255,R,Q
R255Y,255,R,Y
R255N,255,R,N
R255M,255,R,M
R255L,255,R,L
R255K,255,R,K
R255I,255,R,I
R255H,255,R,H
R255G,255,R,G
R255W,255,R,W
R255V,255,R,V
R255T,255,R,T
R255P,255,R,P
I256N,256,I,N
I256P,256,I,P
I256Q,256,I,Q
I256G,256,I,G
I256K,256,I,K
I256H,256,I,H
I256R,256,I,R
I256F,256,I,F
I256E,256,I,E
I256D,256,I,D
I256C,256,I,C
I256A,256,I,A
I256L,256,I,L
I256S,256,I,S
I256M,256,I,M
I256V,256,I,V
I256W,256,I,W
I256Y,256,I,Y
I256T,256,I,T
V257A,257,V,A
V257E,257,V,E
V257F,257,V,F
V257G,257,V,G
V257I,257,V,I
V257H,257,V,H
V257Y,257,V,Y
V257W,257,V,W
V257T,257,V,T
V257S,257,V,S
V257R,257,V,R
V257C,257,V,C
V257Q,257,V,Q
V257P,257,V,P
V257N,257,V,N
V257M,257,V,M
V257L,257,V,L
V257K,257,V,K
V257D,257,V,D
V258T,258,V,T
V258S,258,V,S
V258A,258,V,A
V258D,258,V,D
V258F,258,V,F
V258I,258,V,I
V258N,258,V,N
V258R,258,V,R
V258Y,258,V,Y
I259T,259,I,T
I259W,259,I,W
I259A,259,I,A
I259C,259,I,C
I259D,259,I,D
I259E,259,I,E
I259F,259,I,F
I259G,259,I,G
I259H,259,I,H
I259Y,259,I,Y
I259K,259,I,K
I259M,259,I,M
I259N,259,I,N
I259P,259,I,P
I259Q,259,I,Q
I259R,259,I,R
I259S,259,I,S
I259V,259,I,V
I259L,259,I,L
Y260W,260,Y,W
Y260D,260,Y,D
Y260T,260,Y,T
Y260A,260,Y,A
Y260C,260,Y,C
Y260V,260,Y,V
Y260F,260,Y,F
Y260G,260,Y,G
Y260H,260,Y,H
Y260I,260,Y,I
Y260E,260,Y,E
Y260L,260,Y,L
Y260N,260,Y,N
Y260P,260,Y,P
Y260Q,260,Y,Q
Y260R,260,Y,R
Y260S,260,Y,S
Y260K,260,Y,K
T261S,261,T,S
T261V,261,T,V
T261W,261,T,W
T261Y,261,T,Y
T261R,261,T,R
T261Q,261,T,Q
T261N,261,T,N
T261L,261,T,L
T261K,261,T,K
T261M,261,T,M
T261H,261,T,H
T261G,261,T,G
T261E,261,T,E
T261D,261,T,D
T261A,261,T,A
T261I,261,T,I
T262Y,262,T,Y
T262W,262,T,W
T262V,262,T,V
T262S,262,T,S
T262R,262,T,R
T262Q,262,T,Q
T262P,262,T,P
T262N,262,T,N
T262L,262,T,L
T262K,262,T,K
T262M,262,T,M
T262H,262,T,H
T262G,262,T,G
T262F,262,T,F
T262E,262,T,E
T262D,262,T,D
T262C,262,T,C
T262A,262,T,A
T262I,262,T,I
G263S,263,G,S
G263R,263,G,R
G263Q,263,G,Q
G263P,263,G,P
G263M,263,G,M
G263L,263,G,L
G263F,263,G,F
G263I,263,G,I
G263H,263,G,H
G263A,263,G,A
G263D,263,G,D
G263E,263,G,E
G263V,263,G,V
G263K,263,G,K
G263W,263,G,W
G263T,263,G,T
S264W,264,S,W
S264K,264,S,K
S264L,264,S,L
S264M,264,S,M
S264N,264,S,N
S264P,264,S,P
S264Q,264,S,Q
S264R,264,S,R
S264T,264,S,T
S264V,264,S,V
S264I,264,S,I
S264G,264,S,G
S264E,264,S,E
S264D,264,S,D
S264C,264,S,C
S264F,264,S,F
S264A,264,S,A
S264Y,264,S,Y
Q265G,265,Q,G
Q265F,265,Q,F
Q265E,265,Q,E
Q265A,265,Q,A
Q265H,265,Q,H
Q265K,265,Q,K
Q265C,265,Q,C
Q265Y,265,Q,Y
Q265W,265,Q,W
Q265I,265,Q,I
Q265T,265,Q,T
Q265S,265,Q,S
Q265V,265,Q,V
Q265P,265,Q,P
Q265N,265,Q,N
Q265M,265,Q,M
Q265L,265,Q,L
Q265R,265,Q,R
Q265D,265,Q,D
A266C,266,A,C
A266D,266,A,D
A266E,266,A,E
A266F,266,A,F
A266H,266,A,H
A266T,266,A,T
A266Y,266,A,Y
A266W,266,A,W
A266V,266,A,V
A266S,266,A,S
A266R,266,A,R
A266P,266,A,P
A266Q,266,A,Q
A266M,266,A,M
A266L,266,A,L
A266K,266,A,K
A266I,266,A,I
A266G,266,A,G
A266N,266,A,N
T267H,267,T,H
T267K,267,T,K
T267L,267,T,L
T267I,267,T,I
T267G,267,T,G
T267C,267,T,C
T267F,267,T,F
T267E,267,T,E
T267A,267,T,A
T267D,267,T,D
T267P,267,T,P
T267Q,267,T,Q
T267N,267,T,N
T267R,267,T,R
T267S,267,T,S
T267V,267,T,V
T267W,267,T,W
T267Y,267,T,Y
T267M,267,T,M
M268Y,268,M,Y
M268W,268,M,W
M268A,268,M,A
M268C,268,M,C
M268D,268,M,D
M268E,268,M,E
M268F,268,M,F
M268G,268,M,G
M268H,268,M,H
M268K,268,M,K
M268L,268,M,L
M268V,268,M,V
M268T,268,M,T
M268S,268,M,S
M268N,268,M,N
M268R,268,M,R
M268Q,268,M,Q
M268P,268,M,P
M268I,268,M,I
D269F,269,D,F
D269G,269,D,G
D269H,269,D,H
D269I,269,D,I
D269K,269,D,K
D269L,269,D,L
D269M,269,D,M
D269P,269,D,P
D269Q,269,D,Q
D269R,269,D,R
D269S,269,D,S
D269T,269,D,T
D269W,269,D,W
D269Y,269,D,Y
D269A,269,D,A
D269C,269,D,C
D269E,269,D,E
D269N,269,D,N
D269V,269,D,V
E270Y,270,E,Y
E270W,270,E,W
E270V,270,E,V
E270T,270,E,T
E270D,270,E,D
E270F,270,E,F
E270G,270,E,G
E270H,270,E,H
E270I,270,E,I
E270K,270,E,K
E270M,270,E,M
E270N,270,E,N
E270P,270,E,P
E270L,270,E,L
E270R,270,E,R
E270Q,270,E,Q
E270C,270,E,C
E270A,270,E,A
E270S,270,E,S
R271C,271,R,C
R271V,271,R,V
R271W,271,R,W
R271Y,271,R,Y
R271S,271,R,S
R271Q,271,R,Q
R271P,271,R,P
R271L,271,R,L
R271H,271,R,H
R271G,271,R,G
R271F,271,R,F
R271E,271,R,E
R271D,271,R,D
R271T,271,R,T
R271A,271,R,A
R271I,271,R,I
N272C,272,N,C
N272W,272,N,W
N272D,272,N,D
N272R,272,N,R
N272P,272,N,P
N272M,272,N,M
N272V,272,N,V
N272L,272,N,L
N272K,272,N,K
N272Q,272,N,Q
N272H,272,N,H
N272G,272,N,G
N272F,272,N,F
N272E,272,N,E
N272T,272,N,T
N272S,272,N,S
N272Y,272,N,Y
N272A,272,N,A
N272I,272,N,I
R273Q,273,R,Q
R273L,273,R,L
R273K,273,R,K
R273I,273,R,I
R273G,273,R,G
R273V,273,R,V
R273D,273,R,D
R273A,273,R,A
R273Y,273,R,Y
R273S,273,R,S
R273E,273,R,E
R273T,273,R,T
Q274Y,274,Q,Y
Q274T,274,Q,T
Q274W,274,Q,W
Q274S,274,Q,S
Q274L,274,Q,L
Q274I,274,Q,I
Q274P,274,Q,P
Q274D,274,Q,D
Q274E,274,Q,E
Q274G,274,Q,G
Q274A,274,Q,A
Q274R,274,Q,R
Q274K,274,Q,K
Q274H,274,Q,H
I275C,275,I,C
I275D,275,I,D
I275E,275,I,E
I275F,275,I,F
I275G,275,I,G
I275H,275,I,H
I275K,275,I,K
I275Y,275,I,Y
I275W,275,I,W
I275A,275,I,A
I275T,275,I,T
I275S,275,I,S
I275R,275,I,R
I275Q,275,I,Q
I275P,275,I,P
I275L,275,I,L
I275V,275,I,V
I275M,275,I,M
I275N,275,I,N
A276K,276,A,K
A276Y,276,A,Y
A276V,276,A,V
A276T,276,A,T
A276S,276,A,S
A276R,276,A,R
A276Q,276,A,Q
A276P,276,A,P
A276N,276,A,N
A276L,276,A,L
A276C,276,A,C
A276I,276,A,I
A276H,276,A,H
A276G,276,A,G
A276F,276,A,F
A276E,276,A,E
A276D,276,A,D
E277F,277,E,F
E277D,277,E,D
E277A,277,E,A
E277C,277,E,C
E277Y,277,E,Y
E277H,277,E,H
E277I,277,E,I
E277K,277,E,K
E277L,277,E,L
E277M,277,E,M
E277W,277,E,W
E277P,277,E,P
E277Q,277,E,Q
E277R,277,E,R
E277S,277,E,S
E277T,277,E,T
E277V,277,E,V
E277G,277,E,G
E277N,277,E,N
I278F,278,I,F
I278P,278,I,P
I278R,278,I,R
I278Q,278,I,Q
I278V,278,I,V
I278N,278,I,N
I278M,278,I,M
I278L,278,I,L
I278K,278,I,K
I278H,278,I,H
I278G,278,I,G
I278E,278,I,E
I278D,278,I,D
I278C,278,I,C
I278A,278,I,A
I278W,278,I,W
I278Y,278,I,Y
I278S,278,I,S
I278T,278,I,T
G279E,279,G,E
G279Q,279,G,Q
G279R,279,G,R
G279Y,279,G,Y
G279W,279,G,W
G279V,279,G,V
G279F,279,G,F
G279N,279,G,N
G279M,279,G,M
G279L,279,G,L
G279K,279,G,K
G279I,279,G,I
G279A,279,G,A
G279C,279,G,C
G279D,279,G,D
G279T,279,G,T
G279S,279,G,S
A280G,280,A,G
A280F,280,A,F
A280E,280,A,E
A280D,280,A,D
A280K,280,A,K
A280L,280,A,L
A280Y,280,A,Y
A280W,280,A,W
A280V,280,A,V
A280S,280,A,S
A280R,280,A,R
A280Q,280,A,Q
A280P,280,A,P
A280N,280,A,N
A280M,280,A,M
A280H,280,A,H
A280I,280,A,I
A280C,280,A,C
A280T,280,A,T
S281D,281,S,D
S281C,281,S,C
S281R,281,S,R
S281F,281,S,F
S281G,281,S,G
S281H,281,S,H
S281I,281,S,I
S281K,281,S,K
S281L,281,S,L
S281M,281,S,M
S281N,281,S,N
S281P,281,S,P
S281T,281,S,T
S281V,281,S,V
S281W,281,S,W
S281Y,281,S,Y
S281E,281,S,E
S281A,281,S,A
S281Q,281,S,Q
L282C,282,L,C
L282G,282,L,G
L282F,282,L,F
L282E,282,L,E
L282D,282,L,D
L282W,282,L,W
L282V,282,L,V
L282T,282,L,T
L282S,282,L,S
L282R,282,L,R
L282Q,282,L,Q
L282P,282,L,P
L282N,282,L,N
L282M,282,L,M
L282K,282,L,K
L282I,282,L,I
L282H,282,L,H
L282Y,282,L,Y
L282A,282,L,A
I283F,283,I,F
I283G,283,I,G
I283H,283,I,H
I283K,283,I,K
I283L,283,I,L
I283M,283,I,M
I283P,283,I,P
I283Q,283,I,Q
I283R,283,I,R
I283S,283,I,S
I283T,283,I,T
I283V,283,I,V
I283Y,283,I,Y
I283N,283,I,N
I283W,283,I,W
I283D,283,I,D
I283C,283,I,C
I283A,283,I,A
I283E,283,I,E
K284Y,284,K,Y
K284W,284,K,W
K284V,284,K,V
K284T,284,K,T
K284S,284,K,S
K284R,284,K,R
K284P,284,K,P
K284N,284,K,N
K284Q,284,K,Q
K284L,284,K,L
K284I,284,K,I
K284H,284,K,H
K284G,284,K,G
K284E,284,K,E
K284D,284,K,D
K284C,284,K,C
K284A,284,K,A
K284M,284,K,M
H285P,285,H,P
H285Q,285,H,Q
H285R,285,H,R
H285Y,285,H,Y
H285T,285,H,T
H285V,285,H,V
H285S,285,H,S
H285N,285,H,N
H285L,285,H,L
H285K,285,H,K
H285I,285,H,I
H285G,285,H,G
H285F,285,H,F
H285E,285,H,E
H285D,285,H,D
H285C,285,H,C
H285A,285,H,A
H285M,285,H,M
W286Q,286,W,Q
W286R,286,W,R
W286Y,286,W,Y
W286T,286,W,T
W286V,286,W,V
W286P,286,W,P
W286S,286,W,S
W286N,286,W,N
W286K,286,W,K
W286M,286,W,M
W286L,286,W,L
W286I,286,W,I
W286H,286,W,H
W286G,286,W,G
W286F,286,W,F
W286E,286,W,E
W286C,286,W,C
W286D,286,W,D
